Country Code,State Code,ZIP/Postcode,City,Rate %,Tax Name,Priority,Compound,Shipping,Tax Class
US,MO,63005,CHESTERFIELD,5.738,CHESTERFIELD,1,0,1,reduced-rate
US,MO,63006,TOWN AND COUNTRY,5.988,TOWN AND COUNTRY,1,0,1,reduced-rate
US,MO,63010,ARNOLD,5.35,ARNOLD,1,0,1,reduced-rate
US,MO,63011,BALLWIN,5.738,BALLWIN,1,0,1,reduced-rate
US,MO,63012,JEFFERSON CO ANTONIA FIRE/ROCK TWNSHP AMB,4.1,JEFFERSON CO ANTONIA FIRE/ROCK TWNSHP AMB,1,0,1,reduced-rate
US,MO,63013,FRANKLIN CO GERALD AMB DI,3.975,FRANKLIN CO GERALD AMB DI,1,0,1,reduced-rate
US,MO,63014,FRANKLIN CO/HERMANN AREA AMBULANCE DISTRICT,3.975,FRANKLIN CO/HERMANN AREA AMBULANCE DISTRICT,1,0,1,reduced-rate
US,MO,63015,FRANKLIN CO MERAMEC AMB,3.975,FRANKLIN CO MERAMEC AMB,1,0,1,reduced-rate
US,MO,63016,JEFFERSON CO BIG RIVER AMB,3.85,JEFFERSON CO BIG RIVER AMB,1,0,1,reduced-rate
US,MO,63017,CHESTERFIELD,5.738,CHESTERFIELD,1,0,1,reduced-rate
US,MO,63019,CRYSTAL,6.1,CRYSTAL,1,0,1,reduced-rate
US,MO,63020,JEFF CO VALLE AMB DIST,3.85,JEFF CO VALLE AMB DIST,1,0,1,reduced-rate
US,MO,63021,ST. LOUIS COUNTY,4.738,ST. LOUIS COUNTY,1,0,1,reduced-rate
US,MO,63022,BALLWIN,5.738,BALLWIN,1,0,1,reduced-rate
US,MO,63023,JEFFERSON CO BIG RIVER AMB,3.85,JEFFERSON CO BIG RIVER AMB,1,0,1,reduced-rate
US,MO,63024,MANCHESTER,5.988,MANCHESTER,1,0,1,reduced-rate
US,MO,63025,EUREKA,6.238,EUREKA,1,0,1,reduced-rate
US,MO,63026,ST. LOUIS COUNTY,4.738,ST. LOUIS COUNTY,1,0,1,reduced-rate
US,MO,63028,JEFFERSON CO JOACHIM-PLATTIN AMB,3.85,JEFFERSON CO JOACHIM-PLATTIN AMB,1,0,1,reduced-rate
US,MO,63030,WASHINGTON COUNTY / WASHINGTON CO AMBULANCE DIST,4.225,WASHINGTON COUNTY / WASHINGTON CO AMBULANCE DIST,1,0,1,reduced-rate
US,MO,63031,FLORISSANT,5.988,FLORISSANT,1,0,1,reduced-rate
US,MO,63032,FLORISSANT,5.988,FLORISSANT,1,0,1,reduced-rate
US,MO,63033,FLORISSANT,5.988,FLORISSANT,1,0,1,reduced-rate
US,MO,63034,ST. LOUIS COUNTY,4.738,ST. LOUIS COUNTY,1,0,1,reduced-rate
US,MO,63036,ST. FRANCOIS COUNTY,3.35,ST. FRANCOIS COUNTY,1,0,1,reduced-rate
US,MO,63037,FRANKLIN CO GERALD AMB DI,3.975,FRANKLIN CO GERALD AMB DI,1,0,1,reduced-rate
US,MO,63038,WILDWOOD,5.238,WILDWOOD,1,0,1,reduced-rate
US,MO,63039,GRAY SUMMIT,3.975,GRAY SUMMIT,1,0,1,reduced-rate
US,MO,63040,WILDWOOD,5.238,WILDWOOD,1,0,1,reduced-rate
US,MO,63041,FRANKLIN CO/ST. CLAIR AMBULANCE DISTRICT/ST. CLAIR FIRE PROTECTION DISTRICT,4.475,FRANKLIN CO/ST. CLAIR AMBULANCE DISTRICT/ST. CLAIR FIRE PROTECTION DISTRICT,1,0,1,reduced-rate
US,MO,63042,HAZELWOOD,6.738,HAZELWOOD,1,0,1,reduced-rate
US,MO,63043,MARYLAND HEIGHTS,5.238,MARYLAND HEIGHTS,1,0,1,reduced-rate
US,MO,63044,BRIDGETON,5.988,BRIDGETON,1,0,1,reduced-rate
US,MO,63045,ST. LOUIS COUNTY,4.738,ST. LOUIS COUNTY,1,0,1,reduced-rate
US,MO,63047,JEFFERSON CO JOACHIM-PLATTIN AMB,3.85,JEFFERSON CO JOACHIM-PLATTIN AMB,1,0,1,reduced-rate
US,MO,63048,HERCULANEUM,5.85,HERCULANEUM,1,0,1,reduced-rate
US,MO,63049,NORTH JEFFERSON CO AMB DS,4.35,NORTH JEFFERSON CO AMB DS,1,0,1,reduced-rate
US,MO,63050,JEFF CO HILLSBORO VALLE,4.35,JEFF CO HILLSBORO VALLE,1,0,1,reduced-rate
US,MO,63051,JEFFERSON CO BIG RIVER AMB/HIGH RIDGE FIRE,4.35,JEFFERSON CO BIG RIVER AMB/HIGH RIDGE FIRE,1,0,1,reduced-rate
US,MO,63052,JEFFERSON CO ROCK TWNSHP AMB/ROCK COM FIRE,4.1,JEFFERSON CO ROCK TWNSHP AMB/ROCK COM FIRE,1,0,1,reduced-rate
US,MO,63053,KIMMSWICK,5.6,KIMMSWICK,1,0,1,reduced-rate
US,MO,63055,FRANKLIN CO MERAMEC AMB,3.975,FRANKLIN CO MERAMEC AMB,1,0,1,reduced-rate
US,MO,63056,FRANKLIN CO GERALD AMB DI,3.975,FRANKLIN CO GERALD AMB DI,1,0,1,reduced-rate
US,MO,63057,JEFFERSON CO ANTONIA FIRE/ROCK TWNSHP AMB,4.1,JEFFERSON CO ANTONIA FIRE/ROCK TWNSHP AMB,1,0,1,reduced-rate
US,MO,63060,FRANKLIN CO/ST. CLAIR AMBULANCE DISTRICT/ST. CLAIR FIRE PROTECTION DISTRICT,4.475,FRANKLIN CO/ST. CLAIR AMBULANCE DISTRICT/ST. CLAIR FIRE PROTECTION DISTRICT,1,0,1,reduced-rate
US,MO,63061,FRANKLIN CO/ST. CLAIR AMBULANCE DISTRICT/ST. CLAIR FIRE PROTECTION DISTRICT,4.475,FRANKLIN CO/ST. CLAIR AMBULANCE DISTRICT/ST. CLAIR FIRE PROTECTION DISTRICT,1,0,1,reduced-rate
US,MO,63065,JEFFERSON CO JOACHIM-PLATTIN AMB,3.85,JEFFERSON CO JOACHIM-PLATTIN AMB,1,0,1,reduced-rate
US,MO,63066,JEFFERSON CO BIG RIVER AMB,3.85,JEFFERSON CO BIG RIVER AMB,1,0,1,reduced-rate
US,MO,63068,FRANKLIN CO NEW HAVEN AMB,3.975,FRANKLIN CO NEW HAVEN AMB,1,0,1,reduced-rate
US,MO,63069,PACIFIC (FRANKLIN CO),6.475,PACIFIC (FRANKLIN CO),1,0,1,reduced-rate
US,MO,63070,PEVELY,5.35,PEVELY,1,0,1,reduced-rate
US,MO,63071,WASHINGTON COUNTY / WASHINGTON CO AMBULANCE DIST,4.225,WASHINGTON COUNTY / WASHINGTON CO AMBULANCE DIST,1,0,1,reduced-rate
US,MO,63072,FRANKLIN CO MERAMEC AMB,3.975,FRANKLIN CO MERAMEC AMB,1,0,1,reduced-rate
US,MO,63073,FRANKLIN CO MERAMEC AMB,3.975,FRANKLIN CO MERAMEC AMB,1,0,1,reduced-rate
US,MO,63074,ST. ANN,6.988,ST. ANN,1,0,1,reduced-rate
US,MO,63077,FRANKLIN CO/ST. CLAIR AMBULANCE DISTRICT/ST. CLAIR FIRE PROTECTION DISTRICT,4.475,FRANKLIN CO/ST. CLAIR AMBULANCE DISTRICT/ST. CLAIR FIRE PROTECTION DISTRICT,1,0,1,reduced-rate
US,MO,63079,FRANKLIN CO/SULLIVAN FIRE PROTECTION DISTRICT,3.975,FRANKLIN CO/SULLIVAN FIRE PROTECTION DISTRICT,1,0,1,reduced-rate
US,MO,63080,SULLIVAN (FRANKLIN CO),5.975,SULLIVAN (FRANKLIN CO),1,0,1,reduced-rate
US,MO,63084,UNION,6.475,UNION,1,0,1,reduced-rate
US,MO,63087,ST. FRANCOIS COUNTY,3.35,ST. FRANCOIS COUNTY,1,0,1,reduced-rate
US,MO,63088,VALLEY PARK,5.738,VALLEY PARK,1,0,1,reduced-rate
US,MO,63089,FRANKLIN CO MERAMEC AMB,3.975,FRANKLIN CO MERAMEC AMB,1,0,1,reduced-rate
US,MO,63090,WASHINGTON,5.85,WASHINGTON,1,0,1,reduced-rate
US,MO,63091,ROSEBUD,4.6,ROSEBUD,1,0,1,reduced-rate
US,MO,63099,SAINT LOUIS CO GREEN CID,5.738,SAINT LOUIS CO GREEN CID,1,0,1,reduced-rate
US,MO,63101,ST. LOUIS (CITY),6.679,ST. LOUIS (CITY),1,0,1,reduced-rate
US,MO,63102,ST. LOUIS (CITY),6.679,ST. LOUIS (CITY),1,0,1,reduced-rate
US,MO,63103,ST. LOUIS (CITY),6.679,ST. LOUIS (CITY),1,0,1,reduced-rate
US,MO,63104,ST. LOUIS (CITY),6.679,ST. LOUIS (CITY),1,0,1,reduced-rate
US,MO,63105,CLAYTON,6.238,CLAYTON,1,0,1,reduced-rate
US,MO,63106,ST. LOUIS (CITY),6.679,ST. LOUIS (CITY),1,0,1,reduced-rate
US,MO,63107,ST. LOUIS (CITY),6.679,ST. LOUIS (CITY),1,0,1,reduced-rate
US,MO,63108,ST. LOUIS (CITY),6.679,ST. LOUIS (CITY),1,0,1,reduced-rate
US,MO,63109,ST. LOUIS (CITY),6.679,ST. LOUIS (CITY),1,0,1,reduced-rate
US,MO,63110,ST. LOUIS (CITY),6.679,ST. LOUIS (CITY),1,0,1,reduced-rate
US,MO,63111,ST. LOUIS (CITY),6.679,ST. LOUIS (CITY),1,0,1,reduced-rate
US,MO,63112,ST. LOUIS (CITY),6.679,ST. LOUIS (CITY),1,0,1,reduced-rate
US,MO,63113,ST. LOUIS (CITY),6.679,ST. LOUIS (CITY),1,0,1,reduced-rate
US,MO,63114,OVERLAND,5.988,OVERLAND,1,0,1,reduced-rate
US,MO,63115,ST. LOUIS (CITY),6.679,ST. LOUIS (CITY),1,0,1,reduced-rate
US,MO,63116,ST. LOUIS (CITY),6.679,ST. LOUIS (CITY),1,0,1,reduced-rate
US,MO,63117,RICHMOND HEIGHTS,6.238,RICHMOND HEIGHTS,1,0,1,reduced-rate
US,MO,63118,ST. LOUIS (CITY),6.679,ST. LOUIS (CITY),1,0,1,reduced-rate
US,MO,63119,WEBSTER GROVES,6.238,WEBSTER GROVES,1,0,1,reduced-rate
US,MO,63120,ST. LOUIS (CITY),6.679,ST. LOUIS (CITY),1,0,1,reduced-rate
US,MO,63121,NORMANDY,6.238,NORMANDY,1,0,1,reduced-rate
US,MO,63122,KIRKWOOD,6.238,KIRKWOOD,1,0,1,reduced-rate
US,MO,63123,ST. LOUIS COUNTY,4.738,ST. LOUIS COUNTY,1,0,1,reduced-rate
US,MO,63124,LADUE,5.988,LADUE,1,0,1,reduced-rate
US,MO,63125,ST. LOUIS COUNTY,4.738,ST. LOUIS COUNTY,1,0,1,reduced-rate
US,MO,63126,CRESTWOOD,6.238,CRESTWOOD,1,0,1,reduced-rate
US,MO,63127,SUNSET HILLS,5.988,SUNSET HILLS,1,0,1,reduced-rate
US,MO,63128,ST. LOUIS COUNTY,4.738,ST. LOUIS COUNTY,1,0,1,reduced-rate
US,MO,63129,ST. LOUIS COUNTY,4.738,ST. LOUIS COUNTY,1,0,1,reduced-rate
US,MO,63130,UNIVERSITY,6.238,UNIVERSITY,1,0,1,reduced-rate
US,MO,63131,DES PERES,4.988,DES PERES,1,0,1,reduced-rate
US,MO,63132,OLIVETTE,6.238,OLIVETTE,1,0,1,reduced-rate
US,MO,63133,WELLSTON,5.488,WELLSTON,1,0,1,reduced-rate
US,MO,63134,BERKELEY,6.738,BERKELEY,1,0,1,reduced-rate
US,MO,63135,FERGUSON,6.738,FERGUSON,1,0,1,reduced-rate
US,MO,63136,ST. LOUIS COUNTY,4.738,ST. LOUIS COUNTY,1,0,1,reduced-rate
US,MO,63137,BELLEFONTAINE NEIGHBORS,5.238,BELLEFONTAINE NEIGHBORS,1,0,1,reduced-rate
US,MO,63138,ST. LOUIS COUNTY,4.738,ST. LOUIS COUNTY,1,0,1,reduced-rate
US,MO,63139,ST. LOUIS (CITY),6.679,ST. LOUIS (CITY),1,0,1,reduced-rate
US,MO,63140,KINLOCH,5.988,KINLOCH,1,0,1,reduced-rate
US,MO,63141,CREVE COEUR,5.488,CREVE COEUR,1,0,1,reduced-rate
US,MO,63143,MAPLEWOOD,6.238,MAPLEWOOD,1,0,1,reduced-rate
US,MO,63144,BRENTWOOD,6.738,BRENTWOOD,1,0,1,reduced-rate
US,MO,63145,ST. LOUIS COUNTY,4.738,ST. LOUIS COUNTY,1,0,1,reduced-rate
US,MO,63146,ST. LOUIS COUNTY,4.738,ST. LOUIS COUNTY,1,0,1,reduced-rate
US,MO,63147,ST. LOUIS (CITY),6.679,ST. LOUIS (CITY),1,0,1,reduced-rate
US,MO,63150,ST. LOUIS (CITY),6.679,ST. LOUIS (CITY),1,0,1,reduced-rate
US,MO,63151,ST. LOUIS COUNTY,4.738,ST. LOUIS COUNTY,1,0,1,reduced-rate
US,MO,63155,ST. LOUIS (CITY),6.679,ST. LOUIS (CITY),1,0,1,reduced-rate
US,MO,63156,ST. LOUIS (CITY),6.679,ST. LOUIS (CITY),1,0,1,reduced-rate
US,MO,63160,ST. LOUIS (CITY),6.679,ST. LOUIS (CITY),1,0,1,reduced-rate
US,MO,63164,ST. LOUIS (CITY),6.679,ST. LOUIS (CITY),1,0,1,reduced-rate
US,MO,63166,ST. LOUIS (CITY),6.679,ST. LOUIS (CITY),1,0,1,reduced-rate
US,MO,63167,CREVE COEUR,5.488,CREVE COEUR,1,0,1,reduced-rate
US,MO,63171,ST. LOUIS (CITY),6.679,ST. LOUIS (CITY),1,0,1,reduced-rate
US,MO,63177,ST. LOUIS (CITY),6.679,ST. LOUIS (CITY),1,0,1,reduced-rate
US,MO,63178,ST. LOUIS (CITY),6.679,ST. LOUIS (CITY),1,0,1,reduced-rate
US,MO,63180,ST. LOUIS (CITY),6.679,ST. LOUIS (CITY),1,0,1,reduced-rate
US,MO,63199,ST. LOUIS (CITY),6.679,ST. LOUIS (CITY),1,0,1,reduced-rate
US,MO,63301,ST. CHARLES,4.95,ST. CHARLES,1,0,1,reduced-rate
US,MO,63302,SAINT CHARLES W CLAY CID,5.95,SAINT CHARLES W CLAY CID,1,0,1,reduced-rate
US,MO,63303,ST. CHARLES,4.95,ST. CHARLES,1,0,1,reduced-rate
US,MO,63304,ST. CHARLES COUNTY,2.95,ST. CHARLES COUNTY,1,0,1,reduced-rate
US,MO,63330,PIKE COUNTY,3.7875,PIKE COUNTY,1,0,1,reduced-rate
US,MO,63332,ST. CHARLES COUNTY,2.95,ST. CHARLES COUNTY,1,0,1,reduced-rate
US,MO,63333,BELLFLOWER,5.475,BELLFLOWER,1,0,1,reduced-rate
US,MO,63334,PIKE COUNTY,3.7875,PIKE COUNTY,1,0,1,reduced-rate
US,MO,63336,PIKE COUNTY,3.7875,PIKE COUNTY,1,0,1,reduced-rate
US,MO,63338,COTTLEVILLE OLD TOWN CID,5.95,COTTLEVILLE OLD TOWN CID,1,0,1,reduced-rate
US,MO,63339,PIKE COUNTY,3.7875,PIKE COUNTY,1,0,1,reduced-rate
US,MO,63341,ST. CHARLES COUNTY,2.95,ST. CHARLES COUNTY,1,0,1,reduced-rate
US,MO,63342,WARREN COUNTY,3.725,WARREN COUNTY,1,0,1,reduced-rate
US,MO,63343,LINCOLN COUNTY,3.975,LINCOLN COUNTY,1,0,1,reduced-rate
US,MO,63344,PIKE COUNTY,3.7875,PIKE COUNTY,1,0,1,reduced-rate
US,MO,63345,FARBER,4.85,FARBER,1,0,1,reduced-rate
US,MO,63346,WENTZVILLE,5.45,WENTZVILLE,1,0,1,reduced-rate
US,MO,63347,LINCOLN COUNTY,3.975,LINCOLN COUNTY,1,0,1,reduced-rate
US,MO,63348,ST. CHARLES COUNTY,2.95,ST. CHARLES COUNTY,1,0,1,reduced-rate
US,MO,63349,LINCOLN COUNTY,3.975,LINCOLN COUNTY,1,0,1,reduced-rate
US,MO,63350,MONTGOMERY COUNTY,3.475,MONTGOMERY COUNTY,1,0,1,reduced-rate
US,MO,63351,WARREN COUNTY,3.725,WARREN COUNTY,1,0,1,reduced-rate
US,MO,63352,AUDRAIN CO AMB DIST,3.85,AUDRAIN CO AMB DIST,1,0,1,reduced-rate
US,MO,63353,LOUISIANA,6.0375,LOUISIANA,1,0,1,reduced-rate
US,MO,63357,WARREN COUNTY,3.725,WARREN COUNTY,1,0,1,reduced-rate
US,MO,63359,PIKE COUNTY,3.7875,PIKE COUNTY,1,0,1,reduced-rate
US,MO,63361,MONTGOMERY,4.975,MONTGOMERY,1,0,1,reduced-rate
US,MO,63362,LINCOLN COUNTY,3.975,LINCOLN COUNTY,1,0,1,reduced-rate
US,MO,63363,MONTGOMERY COUNTY,3.475,MONTGOMERY COUNTY,1,0,1,reduced-rate
US,MO,63365,NEW MELLE,4.95,NEW MELLE,1,0,1,reduced-rate
US,MO,63366,O FALLON,4.95,O FALLON,1,0,1,reduced-rate
US,MO,63367,LAKE ST. LOUIS,4.95,LAKE ST. LOUIS,1,0,1,reduced-rate
US,MO,63368,O FALLON,4.95,O FALLON,1,0,1,reduced-rate
US,MO,63369,LINCOLN COUNTY,3.975,LINCOLN COUNTY,1,0,1,reduced-rate
US,MO,63373,PORTAGE DES SIOUX,3.95,PORTAGE DES SIOUX,1,0,1,reduced-rate
US,MO,63376,ST. PETERS,4.95,ST. PETERS,1,0,1,reduced-rate
US,MO,63377,LINCOLN COUNTY,3.975,LINCOLN COUNTY,1,0,1,reduced-rate
US,MO,63378,MARTHASVILLE,5.225,MARTHASVILLE,1,0,1,reduced-rate
US,MO,63379,LINCOLN COUNTY,3.975,LINCOLN COUNTY,1,0,1,reduced-rate
US,MO,63380,TRUESDALE,5.225,TRUESDALE,1,0,1,reduced-rate
US,MO,63381,WARREN COUNTY,3.725,WARREN COUNTY,1,0,1,reduced-rate
US,MO,63382,VANDALIA,5.35,VANDALIA,1,0,1,reduced-rate
US,MO,63383,WARREN COUNTY,3.725,WARREN COUNTY,1,0,1,reduced-rate
US,MO,63384,WELLSVILLE,5.225,WELLSVILLE,1,0,1,reduced-rate
US,MO,63385,WENTZVILLE,5.45,WENTZVILLE,1,0,1,reduced-rate
US,MO,63386,WEST ALTON,3.95,WEST ALTON,1,0,1,reduced-rate
US,MO,63387,WHITESIDE,3.975,WHITESIDE,1,0,1,reduced-rate
US,MO,63388,CALLAWAY COUNTY / CALLAWAY AMBULANCE DIST,3.725,CALLAWAY COUNTY / CALLAWAY AMBULANCE DIST,1,0,1,reduced-rate
US,MO,63389,LINCOLN COUNTY,3.975,LINCOLN COUNTY,1,0,1,reduced-rate
US,MO,63390,WARREN COUNTY,3.725,WARREN COUNTY,1,0,1,reduced-rate
US,MO,63401,HANNIBAL (MARION CO),5.35,HANNIBAL (MARION CO),1,0,1,reduced-rate
US,MO,63430,ALEXANDRIA,4.725,ALEXANDRIA,1,0,1,reduced-rate
US,MO,63431,MACON COUNTY,3.35,MACON COUNTY,1,0,1,reduced-rate
US,MO,63432,SCOTLAND COUNTY,2.475,SCOTLAND COUNTY,1,0,1,reduced-rate
US,MO,63433,ASHBURN,3.7875,ASHBURN,1,0,1,reduced-rate
US,MO,63434,SHELBY CO/US36/I72 CORRIDOR TDD/SALT RIVER AMBULANCE DISTRICT,3.225,SHELBY CO/US36/I72 CORRIDOR TDD/SALT RIVER AMBULANCE DISTRICT,1,0,1,reduced-rate
US,MO,63435,LEWIS COUNTY,4.35,LEWIS COUNTY,1,0,1,reduced-rate
US,MO,63436,RALLS COUNTY,3.725,RALLS COUNTY,1,0,1,reduced-rate
US,MO,63437,SHELBY CO/US36/I72 CORRIDOR TDD/SALT RIVER AMBULANCE DISTRICT,3.225,SHELBY CO/US36/I72 CORRIDOR TDD/SALT RIVER AMBULANCE DISTRICT,1,0,1,reduced-rate
US,MO,63438,LEWIS COUNTY,4.35,LEWIS COUNTY,1,0,1,reduced-rate
US,MO,63439,SHELBY CO/US36/I72 CORRIDOR TDD/SALT RIVER AMBULANCE DISTRICT,3.225,SHELBY CO/US36/I72 CORRIDOR TDD/SALT RIVER AMBULANCE DISTRICT,1,0,1,reduced-rate
US,MO,63440,LEWIS COUNTY,4.35,LEWIS COUNTY,1,0,1,reduced-rate
US,MO,63441,PIKE COUNTY,3.7875,PIKE COUNTY,1,0,1,reduced-rate
US,MO,63442,GRANGER,2.475,GRANGER,1,0,1,reduced-rate
US,MO,63443,HUNNEWELL,4.225,HUNNEWELL,1,0,1,reduced-rate
US,MO,63445,KAHOKA,4.725,KAHOKA,1,0,1,reduced-rate
US,MO,63446,KNOX COUNTY,3.725,KNOX COUNTY,1,0,1,reduced-rate
US,MO,63447,LEWIS COUNTY,4.35,LEWIS COUNTY,1,0,1,reduced-rate
US,MO,63448,LA GRANGE,5.35,LA GRANGE,1,0,1,reduced-rate
US,MO,63450,SHELBY CO/US36/I72 CORRIDOR TDD/SALT RIVER AMBULANCE DISTRICT,3.225,SHELBY CO/US36/I72 CORRIDOR TDD/SALT RIVER AMBULANCE DISTRICT,1,0,1,reduced-rate
US,MO,63451,SHELBY CO/US36/I72 CORRIDOR TDD/SALT RIVER AMBULANCE DISTRICT,3.225,SHELBY CO/US36/I72 CORRIDOR TDD/SALT RIVER AMBULANCE DISTRICT,1,0,1,reduced-rate
US,MO,63452,LEWIS COUNTY,4.35,LEWIS COUNTY,1,0,1,reduced-rate
US,MO,63453,CLARK COUNTY,3.725,CLARK COUNTY,1,0,1,reduced-rate
US,MO,63454,MARION CO AMBULANCE DISTRICT,3.1,MARION CO AMBULANCE DISTRICT,1,0,1,reduced-rate
US,MO,63456,MONROE CITY (MONROE CO),5.225,MONROE CITY (MONROE CO),1,0,1,reduced-rate
US,MO,63457,LEWIS COUNTY,4.35,LEWIS COUNTY,1,0,1,reduced-rate
US,MO,63458,NEWARK,3.725,NEWARK,1,0,1,reduced-rate
US,MO,63459,RALLS COUNTY,3.725,RALLS COUNTY,1,0,1,reduced-rate
US,MO,63460,KNOX COUNTY,3.725,KNOX COUNTY,1,0,1,reduced-rate
US,MO,63461,PALMYRA,5.1,PALMYRA,1,0,1,reduced-rate
US,MO,63462,RALLS COUNTY,3.725,RALLS COUNTY,1,0,1,reduced-rate
US,MO,63463,MARION CO AMBULANCE DISTRICT,3.1,MARION CO AMBULANCE DISTRICT,1,0,1,reduced-rate
US,MO,63465,CLARK COUNTY,3.725,CLARK COUNTY,1,0,1,reduced-rate
US,MO,63466,CLARK COUNTY,3.725,CLARK COUNTY,1,0,1,reduced-rate
US,MO,63467,RALLS COUNTY,3.725,RALLS COUNTY,1,0,1,reduced-rate
US,MO,63468,SHELBINA,5.475,SHELBINA,1,0,1,reduced-rate
US,MO,63469,SHELBY CO/US36/I72 CORRIDOR TDD/SALT RIVER AMBULANCE DISTRICT,3.225,SHELBY CO/US36/I72 CORRIDOR TDD/SALT RIVER AMBULANCE DISTRICT,1,0,1,reduced-rate
US,MO,63471,MARION CO AMBULANCE DISTRICT,3.1,MARION CO AMBULANCE DISTRICT,1,0,1,reduced-rate
US,MO,63472,WAYLAND,4.725,WAYLAND,1,0,1,reduced-rate
US,MO,63473,LEWIS COUNTY,4.35,LEWIS COUNTY,1,0,1,reduced-rate
US,MO,63474,CLARK COUNTY,3.725,CLARK COUNTY,1,0,1,reduced-rate
US,MO,63501,KIRKSVILLE,5.35,KIRKSVILLE,1,0,1,reduced-rate
US,MO,63530,MACON COUNTY,3.35,MACON COUNTY,1,0,1,reduced-rate
US,MO,63531,KNOX COUNTY,3.725,KNOX COUNTY,1,0,1,reduced-rate
US,MO,63532,MACON COUNTY,3.35,MACON COUNTY,1,0,1,reduced-rate
US,MO,63533,ADAIR COUNTY,2.6,ADAIR COUNTY,1,0,1,reduced-rate
US,MO,63534,MACON COUNTY,3.35,MACON COUNTY,1,0,1,reduced-rate
US,MO,63535,SCHUYLER COUNTY,3.225,SCHUYLER COUNTY,1,0,1,reduced-rate
US,MO,63536,DOWNING,3.225,DOWNING,1,0,1,reduced-rate
US,MO,63537,EDINA,5.225,EDINA,1,0,1,reduced-rate
US,MO,63538,MACON COUNTY,3.35,MACON COUNTY,1,0,1,reduced-rate
US,MO,63539,MACON COUNTY,3.35,MACON COUNTY,1,0,1,reduced-rate
US,MO,63540,ADAIR COUNTY,2.6,ADAIR COUNTY,1,0,1,reduced-rate
US,MO,63541,SCHUYLER COUNTY,3.225,SCHUYLER COUNTY,1,0,1,reduced-rate
US,MO,63543,SOUTH GORIN,2.475,SOUTH GORIN,1,0,1,reduced-rate
US,MO,63544,ADAIR COUNTY,2.6,ADAIR COUNTY,1,0,1,reduced-rate
US,MO,63545,SULLIVAN COUNTY,3.975,SULLIVAN COUNTY,1,0,1,reduced-rate
US,MO,63546,ADAIR COUNTY,2.6,ADAIR COUNTY,1,0,1,reduced-rate
US,MO,63547,KNOX COUNTY,3.725,KNOX COUNTY,1,0,1,reduced-rate
US,MO,63548,LANCASTER,4.225,LANCASTER,1,0,1,reduced-rate
US,MO,63549,LA PLATA,4.85,LA PLATA,1,0,1,reduced-rate
US,MO,63551,PUTNAM COUNTY,3.225,PUTNAM COUNTY,1,0,1,reduced-rate
US,MO,63552,MACON,5.6,MACON,1,0,1,reduced-rate
US,MO,63555,MEMPHIS,3.475,MEMPHIS,1,0,1,reduced-rate
US,MO,63556,SULLIVAN COUNTY,3.975,SULLIVAN COUNTY,1,0,1,reduced-rate
US,MO,63557,LINN COUNTY,3.225,LINN COUNTY,1,0,1,reduced-rate
US,MO,63558,MACON COUNTY,3.35,MACON COUNTY,1,0,1,reduced-rate
US,MO,63559,ADAIR COUNTY,2.6,ADAIR COUNTY,1,0,1,reduced-rate
US,MO,63560,SULLIVAN COUNTY,3.975,SULLIVAN COUNTY,1,0,1,reduced-rate
US,MO,63561,QUEEN,5.725,QUEEN,1,0,1,reduced-rate
US,MO,63563,RUTLEDGE,3.475,RUTLEDGE,1,0,1,reduced-rate
US,MO,63565,PUTNAM COUNTY,3.225,PUTNAM COUNTY,1,0,1,reduced-rate
US,MO,63566,SULLIVAN COUNTY,3.975,SULLIVAN COUNTY,1,0,1,reduced-rate
US,MO,63567,PUTNAM COUNTY,3.225,PUTNAM COUNTY,1,0,1,reduced-rate
US,MO,63601,PARK HILLS,6.1,PARK HILLS,1,0,1,reduced-rate
US,MO,63620,IRON CO HOSPITAL DIST HPD,4.225,IRON CO HOSPITAL DIST HPD,1,0,1,reduced-rate
US,MO,63621,ARCADIA,5.475,ARCADIA,1,0,1,reduced-rate
US,MO,63622,WASHINGTON COUNTY / WASHINGTON CO AMBULANCE DIST,4.225,WASHINGTON COUNTY / WASHINGTON CO AMBULANCE DIST,1,0,1,reduced-rate
US,MO,63623,IRON CO HOSPITAL DIST HPD,4.225,IRON CO HOSPITAL DIST HPD,1,0,1,reduced-rate
US,MO,63624,BISMARCK,4.85,BISMARCK,1,0,1,reduced-rate
US,MO,63625,REYNOLDS COUNTY,2.725,REYNOLDS COUNTY,1,0,1,reduced-rate
US,MO,63626,WASHINGTON COUNTY / WASHINGTON CO AMBULANCE DIST,4.225,WASHINGTON COUNTY / WASHINGTON CO AMBULANCE DIST,1,0,1,reduced-rate
US,MO,63627,STE. GENEVIEVE COUNTY,4.225,STE. GENEVIEVE COUNTY,1,0,1,reduced-rate
US,MO,63628,ST. FRANCOIS COUNTY,3.35,ST. FRANCOIS COUNTY,1,0,1,reduced-rate
US,MO,63629,REYNOLDS COUNTY,2.725,REYNOLDS COUNTY,1,0,1,reduced-rate
US,MO,63630,WASHINGTON COUNTY / WASHINGTON CO AMBULANCE DIST,4.225,WASHINGTON COUNTY / WASHINGTON CO AMBULANCE DIST,1,0,1,reduced-rate
US,MO,63631,WASHINGTON COUNTY / WASHINGTON CO AMBULANCE DIST,4.225,WASHINGTON COUNTY / WASHINGTON CO AMBULANCE DIST,1,0,1,reduced-rate
US,MO,63632,WAYNE COUNTY,2.725,WAYNE COUNTY,1,0,1,reduced-rate
US,MO,63633,REYNOLDS COUNTY,2.725,REYNOLDS COUNTY,1,0,1,reduced-rate
US,MO,63636,DES ARC,4.225,DES ARC,1,0,1,reduced-rate
US,MO,63637,ST. FRANCOIS COUNTY,3.35,ST. FRANCOIS COUNTY,1,0,1,reduced-rate
US,MO,63638,ELLINGTON,5.725,ELLINGTON,1,0,1,reduced-rate
US,MO,63640,FARMINGTON,5.35,FARMINGTON,1,0,1,reduced-rate
US,MO,63645,MADISON COUNTY,3.225,MADISON COUNTY,1,0,1,reduced-rate
US,MO,63648,WASHINGTON COUNTY / WASHINGTON CO AMBULANCE DIST,4.225,WASHINGTON COUNTY / WASHINGTON CO AMBULANCE DIST,1,0,1,reduced-rate
US,MO,63650,IRON CO HOSPITAL DIST HPD,4.225,IRON CO HOSPITAL DIST HPD,1,0,1,reduced-rate
US,MO,63651,ST. FRANCOIS COUNTY,3.35,ST. FRANCOIS COUNTY,1,0,1,reduced-rate
US,MO,63653,LEADWOOD,4.35,LEADWOOD,1,0,1,reduced-rate
US,MO,63654,REYNOLDS COUNTY,2.725,REYNOLDS COUNTY,1,0,1,reduced-rate
US,MO,63655,MADISON COUNTY,3.225,MADISON COUNTY,1,0,1,reduced-rate
US,MO,63656,IRON CO HOSPITAL DIST HPD,4.225,IRON CO HOSPITAL DIST HPD,1,0,1,reduced-rate
US,MO,63660,WASHINGTON COUNTY / WASHINGTON CO AMBULANCE DIST,4.225,WASHINGTON COUNTY / WASHINGTON CO AMBULANCE DIST,1,0,1,reduced-rate
US,MO,63662,BOLLINGER COUNTY,2.85,BOLLINGER COUNTY,1,0,1,reduced-rate
US,MO,63663,PILOT KNOB,6.225,PILOT KNOB,1,0,1,reduced-rate
US,MO,63664,WASHINGTON COUNTY / WASHINGTON CO AMBULANCE DIST,4.225,WASHINGTON COUNTY / WASHINGTON CO AMBULANCE DIST,1,0,1,reduced-rate
US,MO,63665,REYNOLDS COUNTY,2.725,REYNOLDS COUNTY,1,0,1,reduced-rate
US,MO,63666,REYNOLDS COUNTY,2.725,REYNOLDS COUNTY,1,0,1,reduced-rate
US,MO,63670,STE. GENEVIEVE COUNTY,4.225,STE. GENEVIEVE COUNTY,1,0,1,reduced-rate
US,MO,63673,STE. GENEVIEVE COUNTY,4.225,STE. GENEVIEVE COUNTY,1,0,1,reduced-rate
US,MO,63674,WASHINGTON COUNTY / WASHINGTON CO AMBULANCE DIST,4.225,WASHINGTON COUNTY / WASHINGTON CO AMBULANCE DIST,1,0,1,reduced-rate
US,MO,63675,IRON CO HOSPITAL DIST HPD,4.225,IRON CO HOSPITAL DIST HPD,1,0,1,reduced-rate
US,MO,63701,CAPE GIRARDEAU (CAPE GIRARDEAU CO),4.975,CAPE GIRARDEAU (CAPE GIRARDEAU CO),1,0,1,reduced-rate
US,MO,63702,CAPE GIRARDEAU (CAPE GIRARDEAU CO),4.975,CAPE GIRARDEAU (CAPE GIRARDEAU CO),1,0,1,reduced-rate
US,MO,63703,CAPE GIRARDEAU (CAPE GIRARDEAU CO),4.975,CAPE GIRARDEAU (CAPE GIRARDEAU CO),1,0,1,reduced-rate
US,MO,63730,STODDARD COUNTY,3.413,STODDARD COUNTY,1,0,1,reduced-rate
US,MO,63732,CAPE GIRARDEAU COUNTY,2.225,CAPE GIRARDEAU COUNTY,1,0,1,reduced-rate
US,MO,63735,STODDARD COUNTY,3.413,STODDARD COUNTY,1,0,1,reduced-rate
US,MO,63736,SCOTT COUNTY,2.225,SCOTT COUNTY,1,0,1,reduced-rate
US,MO,63737,PERRY COUNTY,3.1,PERRY COUNTY,1,0,1,reduced-rate
US,MO,63738,STODDARD COUNTY,3.413,STODDARD COUNTY,1,0,1,reduced-rate
US,MO,63739,CAPE GIRARDEAU COUNTY,2.225,CAPE GIRARDEAU COUNTY,1,0,1,reduced-rate
US,MO,63740,CHAFFEE,3.975,CHAFFEE,1,0,1,reduced-rate
US,MO,63742,COMMERCE,2.225,COMMERCE,1,0,1,reduced-rate
US,MO,63743,CAPE GIRARDEAU COUNTY,2.225,CAPE GIRARDEAU COUNTY,1,0,1,reduced-rate
US,MO,63744,DELTA,3.725,DELTA,1,0,1,reduced-rate
US,MO,63745,DUTCHTOWN,2.225,DUTCHTOWN,1,0,1,reduced-rate
US,MO,63746,PERRY COUNTY,3.1,PERRY COUNTY,1,0,1,reduced-rate
US,MO,63747,CAPE GIRARDEAU COUNTY,2.225,CAPE GIRARDEAU COUNTY,1,0,1,reduced-rate
US,MO,63748,PERRY COUNTY,3.1,PERRY COUNTY,1,0,1,reduced-rate
US,MO,63750,BOLLINGER COUNTY,2.85,BOLLINGER COUNTY,1,0,1,reduced-rate
US,MO,63751,GLEN ALLEN,2.85,GLEN ALLEN,1,0,1,reduced-rate
US,MO,63752,GORDONVILLE,2.725,GORDONVILLE,1,0,1,reduced-rate
US,MO,63755,CAPE GIRARDEAU COUNTY,2.225,CAPE GIRARDEAU COUNTY,1,0,1,reduced-rate
US,MO,63758,KELSO,3.225,KELSO,1,0,1,reduced-rate
US,MO,63760,BOLLINGER COUNTY,2.85,BOLLINGER COUNTY,1,0,1,reduced-rate
US,MO,63763,BARRY CO S BARRY AMB DIST,3.225,BARRY CO S BARRY AMB DIST,1,0,1,reduced-rate
US,MO,63764,MARBLE HILL,4.85,MARBLE HILL,1,0,1,reduced-rate
US,MO,63766,CAPE GIRARDEAU COUNTY,2.225,CAPE GIRARDEAU COUNTY,1,0,1,reduced-rate
US,MO,63767,MORLEY,3.225,MORLEY,1,0,1,reduced-rate
US,MO,63769,CAPE GIRARDEAU COUNTY,2.225,CAPE GIRARDEAU COUNTY,1,0,1,reduced-rate
US,MO,63770,PERRY COUNTY,3.1,PERRY COUNTY,1,0,1,reduced-rate
US,MO,63771,SCOTT COUNTY,2.225,SCOTT COUNTY,1,0,1,reduced-rate
US,MO,63774,SCOTT COUNTY,2.225,SCOTT COUNTY,1,0,1,reduced-rate
US,MO,63775,PERRY COUNTY,3.1,PERRY COUNTY,1,0,1,reduced-rate
US,MO,63776,PERRYVILLE,4.975,PERRYVILLE,1,0,1,reduced-rate
US,MO,63779,POCAHONTAS,2.225,POCAHONTAS,1,0,1,reduced-rate
US,MO,63780,SCOTT CITY (SCOTT CO),3.975,SCOTT CITY (SCOTT CO),1,0,1,reduced-rate
US,MO,63781,SEDGEWICKVILLE,2.85,SEDGEWICKVILLE,1,0,1,reduced-rate
US,MO,63782,BOLLINGER COUNTY,2.85,BOLLINGER COUNTY,1,0,1,reduced-rate
US,MO,63783,PERRY COUNTY,3.1,PERRY COUNTY,1,0,1,reduced-rate
US,MO,63784,SCOTT COUNTY,2.225,SCOTT COUNTY,1,0,1,reduced-rate
US,MO,63785,CAPE GIRARDEAU COUNTY,2.225,CAPE GIRARDEAU COUNTY,1,0,1,reduced-rate
US,MO,63787,BOLLINGER COUNTY,2.85,BOLLINGER COUNTY,1,0,1,reduced-rate
US,MO,63801,SIKESTON (SCOTT CO),5.225,SIKESTON (SCOTT CO),1,0,1,reduced-rate
US,MO,63820,ANNISTON,2.975,ANNISTON,1,0,1,reduced-rate
US,MO,63821,DUNKLIN COUNTY,2.725,DUNKLIN COUNTY,1,0,1,reduced-rate
US,MO,63822,BERNIE,5.413,BERNIE,1,0,1,reduced-rate
US,MO,63823,BERTRAND,4.475,BERTRAND,1,0,1,reduced-rate
US,MO,63824,BLODGETT,2.225,BLODGETT,1,0,1,reduced-rate
US,MO,63825,STODDARD COUNTY,3.413,STODDARD COUNTY,1,0,1,reduced-rate
US,MO,63826,PEMISCOT COUNTY,3.725,PEMISCOT COUNTY,1,0,1,reduced-rate
US,MO,63827,PEMISCOT COUNTY,3.725,PEMISCOT COUNTY,1,0,1,reduced-rate
US,MO,63828,CANALOU,3.225,CANALOU,1,0,1,reduced-rate
US,MO,63829,DUNKLIN COUNTY,2.725,DUNKLIN COUNTY,1,0,1,reduced-rate
US,MO,63830,CARUTHERSVILLE,6.225,CARUTHERSVILLE,1,0,1,reduced-rate
US,MO,63833,STODDARD COUNTY,3.413,STODDARD COUNTY,1,0,1,reduced-rate
US,MO,63834,CHARLESTON,4.975,CHARLESTON,1,0,1,reduced-rate
US,MO,63837,DUNKLIN COUNTY,2.725,DUNKLIN COUNTY,1,0,1,reduced-rate
US,MO,63839,COOTER,3.725,COOTER,1,0,1,reduced-rate
US,MO,63840,PEMISCOT COUNTY,3.725,PEMISCOT COUNTY,1,0,1,reduced-rate
US,MO,63841,DEXTER,5.288,DEXTER,1,0,1,reduced-rate
US,MO,63845,EAST PRAIRIE,5.475,EAST PRAIRIE,1,0,1,reduced-rate
US,MO,63846,STODDARD COUNTY,3.413,STODDARD COUNTY,1,0,1,reduced-rate
US,MO,63847,DUNKLIN COUNTY,2.725,DUNKLIN COUNTY,1,0,1,reduced-rate
US,MO,63848,GIDEON,4.225,GIDEON,1,0,1,reduced-rate
US,MO,63849,DUNKLIN COUNTY,2.725,DUNKLIN COUNTY,1,0,1,reduced-rate
US,MO,63850,STODDARD COUNTY,3.413,STODDARD COUNTY,1,0,1,reduced-rate
US,MO,63851,HAYTI,6.475,HAYTI,1,0,1,reduced-rate
US,MO,63852,DUNKLIN COUNTY,2.725,DUNKLIN COUNTY,1,0,1,reduced-rate
US,MO,63853,HOLLAND,3.725,HOLLAND,1,0,1,reduced-rate
US,MO,63855,DUNKLIN COUNTY,2.725,DUNKLIN COUNTY,1,0,1,reduced-rate
US,MO,63857,KENNETT,5.975,KENNETT,1,0,1,reduced-rate
US,MO,63860,NEW MADRID COUNTY AMBULANCE DIST,3.225,NEW MADRID COUNTY AMBULANCE DIST,1,0,1,reduced-rate
US,MO,63862,LILBOURN,4.225,LILBOURN,1,0,1,reduced-rate
US,MO,63863,MALDEN,4.975,MALDEN,1,0,1,reduced-rate
US,MO,63866,MARSTON,6.225,MARSTON,1,0,1,reduced-rate
US,MO,63867,NEW MADRID CO REMAINDER,3.225,NEW MADRID CO REMAINDER,1,0,1,reduced-rate
US,MO,63868,MOREHOUSE,4.225,MOREHOUSE,1,0,1,reduced-rate
US,MO,63869,NEW MADRID,5.725,NEW MADRID,1,0,1,reduced-rate
US,MO,63870,NEW MADRID CO REMAINDER,3.225,NEW MADRID CO REMAINDER,1,0,1,reduced-rate
US,MO,63873,PORTAGEVILLE,5.475,PORTAGEVILLE,1,0,1,reduced-rate
US,MO,63874,RISCO,4.225,RISCO,1,0,1,reduced-rate
US,MO,63875,RIVES,2.725,RIVES,1,0,1,reduced-rate
US,MO,63876,DUNKLIN COUNTY,2.725,DUNKLIN COUNTY,1,0,1,reduced-rate
US,MO,63877,PEMISCOT COUNTY,3.725,PEMISCOT COUNTY,1,0,1,reduced-rate
US,MO,63878,TALLAPOOSA,3.225,TALLAPOOSA,1,0,1,reduced-rate
US,MO,63879,WARDELL,4.975,WARDELL,1,0,1,reduced-rate
US,MO,63880,DUNKLIN COUNTY,2.725,DUNKLIN COUNTY,1,0,1,reduced-rate
US,MO,63881,MISSISSIPPI COUNTY,2.975,MISSISSIPPI COUNTY,1,0,1,reduced-rate
US,MO,63882,WYATT,3.975,WYATT,1,0,1,reduced-rate
US,MO,63901,BUTLER COUNTY,2.225,BUTLER COUNTY,1,0,1,reduced-rate
US,MO,63902,POPLAR BLUFF,4.725,POPLAR BLUFF,1,0,1,reduced-rate
US,MO,63931,RIPLEY COUNTY,2.225,RIPLEY COUNTY,1,0,1,reduced-rate
US,MO,63932,BUTLER COUNTY,2.225,BUTLER COUNTY,1,0,1,reduced-rate
US,MO,63933,DUNKLIN COUNTY,2.725,DUNKLIN COUNTY,1,0,1,reduced-rate
US,MO,63934,WAYNE COUNTY,2.725,WAYNE COUNTY,1,0,1,reduced-rate
US,MO,63935,DONIPHAN,4.225,DONIPHAN,1,0,1,reduced-rate
US,MO,63936,STODDARD COUNTY,3.413,STODDARD COUNTY,1,0,1,reduced-rate
US,MO,63937,BUTLER COUNTY,2.225,BUTLER COUNTY,1,0,1,reduced-rate
US,MO,63939,RIPLEY COUNTY,2.225,RIPLEY COUNTY,1,0,1,reduced-rate
US,MO,63940,BUTLER COUNTY,2.225,BUTLER COUNTY,1,0,1,reduced-rate
US,MO,63941,CARTER COUNTY,2.725,CARTER COUNTY,1,0,1,reduced-rate
US,MO,63942,RIPLEY COUNTY,2.225,RIPLEY COUNTY,1,0,1,reduced-rate
US,MO,63943,GRANDIN,3.725,GRANDIN,1,0,1,reduced-rate
US,MO,63944,GREENVILLE,5.725,GREENVILLE,1,0,1,reduced-rate
US,MO,63945,BUTLER COUNTY,2.225,BUTLER COUNTY,1,0,1,reduced-rate
US,MO,63950,WAYNE COUNTY,2.725,WAYNE COUNTY,1,0,1,reduced-rate
US,MO,63951,WAYNE COUNTY,2.725,WAYNE COUNTY,1,0,1,reduced-rate
US,MO,63952,MILL SPRING,3.725,MILL SPRING,1,0,1,reduced-rate
US,MO,63953,RIPLEY COUNTY,2.225,RIPLEY COUNTY,1,0,1,reduced-rate
US,MO,63954,BUTLER COUNTY,2.225,BUTLER COUNTY,1,0,1,reduced-rate
US,MO,63955,RIPLEY COUNTY,2.225,RIPLEY COUNTY,1,0,1,reduced-rate
US,MO,63956,WAYNE COUNTY,2.725,WAYNE COUNTY,1,0,1,reduced-rate
US,MO,63957,PIEDMONT,5.225,PIEDMONT,1,0,1,reduced-rate
US,MO,63960,STODDARD COUNTY,3.413,STODDARD COUNTY,1,0,1,reduced-rate
US,MO,63961,BUTLER COUNTY,2.225,BUTLER COUNTY,1,0,1,reduced-rate
US,MO,63962,BUTLER COUNTY,2.225,BUTLER COUNTY,1,0,1,reduced-rate
US,MO,63964,WAYNE COUNTY,2.725,WAYNE COUNTY,1,0,1,reduced-rate
US,MO,63965,REYNOLDS COUNTY,2.725,REYNOLDS COUNTY,1,0,1,reduced-rate
US,MO,63966,BUTLER COUNTY,2.225,BUTLER COUNTY,1,0,1,reduced-rate
US,MO,63967,BUTLER COUNTY,2.225,BUTLER COUNTY,1,0,1,reduced-rate
US,MO,64001,LAFAYETTE COUNTY,2.85,LAFAYETTE COUNTY,1,0,1,reduced-rate
US,MO,64002,LEES SUMMIT SUMMIT FAIR,5.85,LEES SUMMIT SUMMIT FAIR,1,0,1,reduced-rate
US,MO,64011,LAFAYETTE CO SNI FIRE DIS,3.35,LAFAYETTE CO SNI FIRE DIS,1,0,1,reduced-rate
US,MO,64012,BELTON,6.1,BELTON,1,0,1,reduced-rate
US,MO,64013,BLUE SPRINGS CENTRAL FIRE,5.6,BLUE SPRINGS CENTRAL FIRE,1,0,1,reduced-rate
US,MO,64014,BLUE SPRINGS CENTRAL FIRE,5.6,BLUE SPRINGS CENTRAL FIRE,1,0,1,reduced-rate
US,MO,64015,BLUE SPRINGS CENTRAL FIRE,5.6,BLUE SPRINGS CENTRAL FIRE,1,0,1,reduced-rate
US,MO,64016,JACKSON COUNTY,2.6,JACKSON COUNTY,1,0,1,reduced-rate
US,MO,64017,CAMDEN,4.225,CAMDEN,1,0,1,reduced-rate
US,MO,64018,PLATTE COUNTY,2.6,PLATTE COUNTY,1,0,1,reduced-rate
US,MO,64019,JOHNSON COUNTY,3.975,JOHNSON COUNTY,1,0,1,reduced-rate
US,MO,64020,CONCORDIA,5.1,CONCORDIA,1,0,1,reduced-rate
US,MO,64021,LAFAYETTE COUNTY,2.85,LAFAYETTE COUNTY,1,0,1,reduced-rate
US,MO,64022,DOVER,3.85,DOVER,1,0,1,reduced-rate
US,MO,64024,EXCELSIOR SPRINGS (CLAY CO),5.975,EXCELSIOR SPRINGS (CLAY CO),1,0,1,reduced-rate
US,MO,64028,FARLEY,2.6,FARLEY,1,0,1,reduced-rate
US,MO,64029,GRAIN VALLEY / CENTRAL JACKSON CO FPD,5.6,GRAIN VALLEY / CENTRAL JACKSON CO FPD,1,0,1,reduced-rate
US,MO,64030,GRANDVIEW,5.6,GRANDVIEW,1,0,1,reduced-rate
US,MO,64034,GREENWOOD (JACKSON CO),5.1,GREENWOOD (JACKSON CO),1,0,1,reduced-rate
US,MO,64035,RAY CO/RAY COUNTY AMBULANCE DISTRICT,4.225,RAY CO/RAY COUNTY AMBULANCE DISTRICT,1,0,1,reduced-rate
US,MO,64036,HENRIETTA,6.225,HENRIETTA,1,0,1,reduced-rate
US,MO,64037,HIGGINSVILLE,5.35,HIGGINSVILLE,1,0,1,reduced-rate
US,MO,64040,HOLDEN,5.975,HOLDEN,1,0,1,reduced-rate
US,MO,64048,CLAY COUNTY,2.475,CLAY COUNTY,1,0,1,reduced-rate
US,MO,64050,INDEPENDENCE,4.85,INDEPENDENCE,1,0,1,reduced-rate
US,MO,64051,INDEPENDENCE,4.85,INDEPENDENCE,1,0,1,reduced-rate
US,MO,64052,INDEPENDENCE,4.85,INDEPENDENCE,1,0,1,reduced-rate
US,MO,64053,INDEPENDENCE,4.85,INDEPENDENCE,1,0,1,reduced-rate
US,MO,64054,SUGAR CREEK (JACKSON CO),4.6,SUGAR CREEK (JACKSON CO),1,0,1,reduced-rate
US,MO,64055,INDEPENDENCE,4.85,INDEPENDENCE,1,0,1,reduced-rate
US,MO,64056,INDEPENDENCE,4.85,INDEPENDENCE,1,0,1,reduced-rate
US,MO,64057,INDEPENDENCE,4.85,INDEPENDENCE,1,0,1,reduced-rate
US,MO,64058,JACKSON COUNTY,2.6,JACKSON COUNTY,1,0,1,reduced-rate
US,MO,64060,KEARNEY,5.475,KEARNEY,1,0,1,reduced-rate
US,MO,64061,JOHNSON COUNTY,3.975,JOHNSON COUNTY,1,0,1,reduced-rate
US,MO,64062,RAY COUNTY,3.725,RAY COUNTY,1,0,1,reduced-rate
US,MO,64063,LEES SUMMIT (JACKSON CO),4.85,LEES SUMMIT (JACKSON CO),1,0,1,reduced-rate
US,MO,64064,LEES SUMMIT (JACKSON CO),4.85,LEES SUMMIT (JACKSON CO),1,0,1,reduced-rate
US,MO,64065,UNITY VILLAGE,4.85,UNITY VILLAGE,1,0,1,reduced-rate
US,MO,64066,LEVASY,3.6,LEVASY,1,0,1,reduced-rate
US,MO,64067,LEXINGTON,5.35,LEXINGTON,1,0,1,reduced-rate
US,MO,64068,LIBERTY,5.85,LIBERTY,1,0,1,reduced-rate
US,MO,64069,LIBERTY,5.85,LIBERTY,1,0,1,reduced-rate
US,MO,64070,JACKSON COUNTY,2.6,JACKSON COUNTY,1,0,1,reduced-rate
US,MO,64071,LAFAYETTE COUNTY,2.85,LAFAYETTE COUNTY,1,0,1,reduced-rate
US,MO,64072,MISSOURI,3.475,MISSOURI,1,0,1,reduced-rate
US,MO,64073,EXCELSIOR SPRINGS CRC CID,6.725,EXCELSIOR SPRINGS CRC CID,1,0,1,reduced-rate
US,MO,64074,LAFAYETTE COUNTY,2.85,LAFAYETTE COUNTY,1,0,1,reduced-rate
US,MO,64075,OAK GROVE (JACKSON CO),5.6,OAK GROVE (JACKSON CO),1,0,1,reduced-rate
US,MO,64076,LAFAYETTE COUNTY,2.85,LAFAYETTE COUNTY,1,0,1,reduced-rate
US,MO,64077,RAY CO ORRICK FIRE/RAY CO AMBULANCE,4.725,RAY CO ORRICK FIRE/RAY CO AMBULANCE,1,0,1,reduced-rate
US,MO,64078,CASS COUNTY,2.85,CASS COUNTY,1,0,1,reduced-rate
US,MO,64079,PLATTE COUNTY,2.6,PLATTE COUNTY,1,0,1,reduced-rate
US,MO,64080,CASS CO PLEASANT HILL FPD,3.35,CASS CO PLEASANT HILL FPD,1,0,1,reduced-rate
US,MO,64081,LEES SUMMIT (JACKSON CO),4.85,LEES SUMMIT (JACKSON CO),1,0,1,reduced-rate
US,MO,64082,LEES SUMMIT (JACKSON CO),4.85,LEES SUMMIT (JACKSON CO),1,0,1,reduced-rate
US,MO,64083,RAYMORE,5.85,RAYMORE,1,0,1,reduced-rate
US,MO,64084,RAY CO/RAY COUNTY AMBULANCE DISTRICT,4.225,RAY CO/RAY COUNTY AMBULANCE DISTRICT,1,0,1,reduced-rate
US,MO,64085,RICHMOND,6.225,RICHMOND,1,0,1,reduced-rate
US,MO,64086,LEES SUMMIT (JACKSON CO),4.85,LEES SUMMIT (JACKSON CO),1,0,1,reduced-rate
US,MO,64088,JACKSON COUNTY,2.6,JACKSON COUNTY,1,0,1,reduced-rate
US,MO,64089,SMITHVILLE,4.975,SMITHVILLE,1,0,1,reduced-rate
US,MO,64090,STRASBURG,4.35,STRASBURG,1,0,1,reduced-rate
US,MO,64092,PLATTE COUNTY,2.6,PLATTE COUNTY,1,0,1,reduced-rate
US,MO,64093,WARRENSBURG,5.85,WARRENSBURG,1,0,1,reduced-rate
US,MO,64096,WAVERLY,6.35,WAVERLY,1,0,1,reduced-rate
US,MO,64097,LAFAYETTE COUNTY,2.85,LAFAYETTE COUNTY,1,0,1,reduced-rate
US,MO,64098,PLATTE COUNTY,2.6,PLATTE COUNTY,1,0,1,reduced-rate
US,MO,64101,KANSAS CITY (JACKSON CO),5.6,KANSAS CITY (JACKSON CO),1,0,1,reduced-rate
US,MO,64102,KANSAS CITY (JACKSON CO),5.6,KANSAS CITY (JACKSON CO),1,0,1,reduced-rate
US,MO,64105,KANSAS CITY DWNTWN ST CID,6.6,KANSAS CITY DWNTWN ST CID,1,0,1,reduced-rate
US,MO,64106,KANSAS CITY DWNTWN ST CID,6.6,KANSAS CITY DWNTWN ST CID,1,0,1,reduced-rate
US,MO,64108,KANSAS CITY (JACKSON CO),5.6,KANSAS CITY (JACKSON CO),1,0,1,reduced-rate
US,MO,64109,KANSAS CITY (JACKSON CO),5.6,KANSAS CITY (JACKSON CO),1,0,1,reduced-rate
US,MO,64110,KANSAS CITY (JACKSON CO),5.6,KANSAS CITY (JACKSON CO),1,0,1,reduced-rate
US,MO,64111,KANSAS CITY (JACKSON CO),5.6,KANSAS CITY (JACKSON CO),1,0,1,reduced-rate
US,MO,64112,KANSAS CITY (JACKSON CO),5.6,KANSAS CITY (JACKSON CO),1,0,1,reduced-rate
US,MO,64113,KANSAS CITY (JACKSON CO),5.6,KANSAS CITY (JACKSON CO),1,0,1,reduced-rate
US,MO,64114,KANSAS CITY (JACKSON CO),5.6,KANSAS CITY (JACKSON CO),1,0,1,reduced-rate
US,MO,64116,KANSAS CITY (CLAY CO),5.475,KANSAS CITY (CLAY CO),1,0,1,reduced-rate
US,MO,64117,KANSAS CITY (CLAY CO),5.475,KANSAS CITY (CLAY CO),1,0,1,reduced-rate
US,MO,64118,KANSAS CITY (CLAY CO),5.475,KANSAS CITY (CLAY CO),1,0,1,reduced-rate
US,MO,64119,KANSAS CITY (CLAY CO),5.475,KANSAS CITY (CLAY CO),1,0,1,reduced-rate
US,MO,64120,KANSAS CITY (JACKSON CO),5.6,KANSAS CITY (JACKSON CO),1,0,1,reduced-rate
US,MO,64121,KANSAS CITY (JACKSON CO),5.6,KANSAS CITY (JACKSON CO),1,0,1,reduced-rate
US,MO,64123,KANSAS CITY (JACKSON CO),5.6,KANSAS CITY (JACKSON CO),1,0,1,reduced-rate
US,MO,64124,KANSAS CITY (JACKSON CO),5.6,KANSAS CITY (JACKSON CO),1,0,1,reduced-rate
US,MO,64125,KANSAS CITY (JACKSON CO),5.6,KANSAS CITY (JACKSON CO),1,0,1,reduced-rate
US,MO,64126,KANSAS CITY (JACKSON CO),5.6,KANSAS CITY (JACKSON CO),1,0,1,reduced-rate
US,MO,64127,KANSAS CITY (JACKSON CO),5.6,KANSAS CITY (JACKSON CO),1,0,1,reduced-rate
US,MO,64128,KANSAS CITY (JACKSON CO),5.6,KANSAS CITY (JACKSON CO),1,0,1,reduced-rate
US,MO,64129,KANSAS CITY (JACKSON CO),5.6,KANSAS CITY (JACKSON CO),1,0,1,reduced-rate
US,MO,64130,KANSAS CITY (JACKSON CO),5.6,KANSAS CITY (JACKSON CO),1,0,1,reduced-rate
US,MO,64131,KANSAS CITY (JACKSON CO),5.6,KANSAS CITY (JACKSON CO),1,0,1,reduced-rate
US,MO,64132,KANSAS CITY (JACKSON CO),5.6,KANSAS CITY (JACKSON CO),1,0,1,reduced-rate
US,MO,64133,RAYTOWN,5.35,RAYTOWN,1,0,1,reduced-rate
US,MO,64134,KANSAS CITY (JACKSON CO),5.6,KANSAS CITY (JACKSON CO),1,0,1,reduced-rate
US,MO,64136,KANSAS CITY (JACKSON CO),5.6,KANSAS CITY (JACKSON CO),1,0,1,reduced-rate
US,MO,64137,KANSAS CITY (JACKSON CO),5.6,KANSAS CITY (JACKSON CO),1,0,1,reduced-rate
US,MO,64138,KANSAS CITY (JACKSON CO),5.6,KANSAS CITY (JACKSON CO),1,0,1,reduced-rate
US,MO,64139,KANSAS CITY (JACKSON CO),5.6,KANSAS CITY (JACKSON CO),1,0,1,reduced-rate
US,MO,64141,KANSAS CITY DWNTWN ST CID,6.6,KANSAS CITY DWNTWN ST CID,1,0,1,reduced-rate
US,MO,64145,KANSAS CITY (JACKSON CO),5.6,KANSAS CITY (JACKSON CO),1,0,1,reduced-rate
US,MO,64146,KANSAS CITY (JACKSON CO),5.6,KANSAS CITY (JACKSON CO),1,0,1,reduced-rate
US,MO,64147,KANSAS CITY (JACKSON CO),5.6,KANSAS CITY (JACKSON CO),1,0,1,reduced-rate
US,MO,64148,KANSAS CITY DWNTWN ST CID,6.6,KANSAS CITY DWNTWN ST CID,1,0,1,reduced-rate
US,MO,64149,KANSAS CITY (JACKSON CO),5.6,KANSAS CITY (JACKSON CO),1,0,1,reduced-rate
US,MO,64150,RIVERSIDE,3.6,RIVERSIDE,1,0,1,reduced-rate
US,MO,64151,KANSAS CITY (PLATTE CO),5.6,KANSAS CITY (PLATTE CO),1,0,1,reduced-rate
US,MO,64152,PLATTE COUNTY,2.6,PLATTE COUNTY,1,0,1,reduced-rate
US,MO,64153,KANSAS CITY (PLATTE CO),5.6,KANSAS CITY (PLATTE CO),1,0,1,reduced-rate
US,MO,64154,KANSAS CITY (PLATTE CO),5.6,KANSAS CITY (PLATTE CO),1,0,1,reduced-rate
US,MO,64155,KANSAS CITY (CLAY CO),5.475,KANSAS CITY (CLAY CO),1,0,1,reduced-rate
US,MO,64156,KANSAS CITY (CLAY CO),5.475,KANSAS CITY (CLAY CO),1,0,1,reduced-rate
US,MO,64157,KANSAS CITY (CLAY CO),5.475,KANSAS CITY (CLAY CO),1,0,1,reduced-rate
US,MO,64158,KANSAS CITY (CLAY CO),5.475,KANSAS CITY (CLAY CO),1,0,1,reduced-rate
US,MO,64161,KANSAS CITY (CLAY CO),5.475,KANSAS CITY (CLAY CO),1,0,1,reduced-rate
US,MO,64162,RANDOLPH,3.975,RANDOLPH,1,0,1,reduced-rate
US,MO,64163,FERRELVIEW,3.6,FERRELVIEW,1,0,1,reduced-rate
US,MO,64164,KANSAS CITY (PLATTE CO),5.6,KANSAS CITY (PLATTE CO),1,0,1,reduced-rate
US,MO,64165,KANSAS CITY (CLAY CO),5.475,KANSAS CITY (CLAY CO),1,0,1,reduced-rate
US,MO,64166,CLAY CO SMITHVILLE FPD,2.975,CLAY CO SMITHVILLE FPD,1,0,1,reduced-rate
US,MO,64167,CLAY CO SMITHVILLE FPD,2.975,CLAY CO SMITHVILLE FPD,1,0,1,reduced-rate
US,MO,64168,GLADSTONE,5.475,GLADSTONE,1,0,1,reduced-rate
US,MO,64170,KANSAS CITY (JACKSON CO),5.6,KANSAS CITY (JACKSON CO),1,0,1,reduced-rate
US,MO,64171,KANSAS CITY DWNTWN ST CID,6.6,KANSAS CITY DWNTWN ST CID,1,0,1,reduced-rate
US,MO,64188,GLADSTONE,5.475,GLADSTONE,1,0,1,reduced-rate
US,MO,64190,KANSAS CITY (PLATTE CO),5.6,KANSAS CITY (PLATTE CO),1,0,1,reduced-rate
US,MO,64191,KANSAS CITY (JACKSON CO),5.6,KANSAS CITY (JACKSON CO),1,0,1,reduced-rate
US,MO,64197,KANSAS CITY (JACKSON CO),5.6,KANSAS CITY (JACKSON CO),1,0,1,reduced-rate
US,MO,64198,KANSAS CITY (JACKSON CO),5.6,KANSAS CITY (JACKSON CO),1,0,1,reduced-rate
US,MO,64199,KANSAS CITY DWNTWN ST CID,6.6,KANSAS CITY DWNTWN ST CID,1,0,1,reduced-rate
US,MO,64401,BUCHANAN COUNTY,2.825,BUCHANAN COUNTY,1,0,1,reduced-rate
US,MO,64402,ALBANY,4.725,ALBANY,1,0,1,reduced-rate
US,MO,64420,ALLENDALE,4.6,ALLENDALE,1,0,1,reduced-rate
US,MO,64421,ANDREW COUNTY,3.425,ANDREW COUNTY,1,0,1,reduced-rate
US,MO,64422,DEKALB COUNTY,3.225,DEKALB COUNTY,1,0,1,reduced-rate
US,MO,64423,NODAWAY COUNTY,3.225,NODAWAY COUNTY,1,0,1,reduced-rate
US,MO,64424,BETHANY,4.85,BETHANY,1,0,1,reduced-rate
US,MO,64426,HARRISON COUNTY,2.475,HARRISON COUNTY,1,0,1,reduced-rate
US,MO,64427,ANDREW COUNTY,3.425,ANDREW COUNTY,1,0,1,reduced-rate
US,MO,64428,NODAWAY COUNTY,3.225,NODAWAY COUNTY,1,0,1,reduced-rate
US,MO,64429,CAMERON (CLINTON CO),5.475,CAMERON (CLINTON CO),1,0,1,reduced-rate
US,MO,64430,DEKALB COUNTY,3.225,DEKALB COUNTY,1,0,1,reduced-rate
US,MO,64431,NODAWAY COUNTY,3.225,NODAWAY COUNTY,1,0,1,reduced-rate
US,MO,64432,CLYDE,3.225,CLYDE,1,0,1,reduced-rate
US,MO,64433,NODAWAY COUNTY,3.225,NODAWAY COUNTY,1,0,1,reduced-rate
US,MO,64434,CONCEPTION JUNCTION,3.225,CONCEPTION JUNCTION,1,0,1,reduced-rate
US,MO,64436,ANDREW COUNTY,3.425,ANDREW COUNTY,1,0,1,reduced-rate
US,MO,64437,HOLT COUNTY,3.725,HOLT COUNTY,1,0,1,reduced-rate
US,MO,64438,DARLINGTON,2.725,DARLINGTON,1,0,1,reduced-rate
US,MO,64439,PLATTE COUNTY,2.6,PLATTE COUNTY,1,0,1,reduced-rate
US,MO,64440,BUCHANAN COUNTY,2.825,BUCHANAN COUNTY,1,0,1,reduced-rate
US,MO,64441,DENVER,3.6,DENVER,1,0,1,reduced-rate
US,MO,64442,HARRISON COUNTY,2.475,HARRISON COUNTY,1,0,1,reduced-rate
US,MO,64443,BUCHANAN COUNTY,2.825,BUCHANAN COUNTY,1,0,1,reduced-rate
US,MO,64444,PLATTE COUNTY,2.6,PLATTE COUNTY,1,0,1,reduced-rate
US,MO,64445,NODAWAY COUNTY,3.225,NODAWAY COUNTY,1,0,1,reduced-rate
US,MO,64446,ATCHINSON COUNTY,3.475,ATCHINSON COUNTY,1,0,1,reduced-rate
US,MO,64448,BUCHANAN COUNTY,2.825,BUCHANAN COUNTY,1,0,1,reduced-rate
US,MO,64449,ANDREW COUNTY,3.425,ANDREW COUNTY,1,0,1,reduced-rate
US,MO,64451,HOLT COUNTY,3.725,HOLT COUNTY,1,0,1,reduced-rate
US,MO,64453,GENTRY COUNTY,2.725,GENTRY COUNTY,1,0,1,reduced-rate
US,MO,64454,CLINTON CO TRICO AMB DIST,2.725,CLINTON CO TRICO AMB DIST,1,0,1,reduced-rate
US,MO,64455,NODAWAY COUNTY,3.225,NODAWAY COUNTY,1,0,1,reduced-rate
US,MO,64456,GRANT,5.6,GRANT,1,0,1,reduced-rate
US,MO,64457,NODAWAY COUNTY,3.225,NODAWAY COUNTY,1,0,1,reduced-rate
US,MO,64458,HARRISON COUNTY,2.475,HARRISON COUNTY,1,0,1,reduced-rate
US,MO,64459,ANDREW COUNTY,3.425,ANDREW COUNTY,1,0,1,reduced-rate
US,MO,64461,NODAWAY COUNTY,3.225,NODAWAY COUNTY,1,0,1,reduced-rate
US,MO,64463,KING,4.225,KING,1,0,1,reduced-rate
US,MO,64465,CLINTON CO TRICO AMB DIST,2.725,CLINTON CO TRICO AMB DIST,1,0,1,reduced-rate
US,MO,64466,HOLT COUNTY,3.725,HOLT COUNTY,1,0,1,reduced-rate
US,MO,64467,HARRISON COUNTY,2.475,HARRISON COUNTY,1,0,1,reduced-rate
US,MO,64468,MARYVILLE,5.6,MARYVILLE,1,0,1,reduced-rate
US,MO,64469,DEKALB COUNTY,3.225,DEKALB COUNTY,1,0,1,reduced-rate
US,MO,64470,MOUND,5.225,MOUND,1,0,1,reduced-rate
US,MO,64471,HARRISON COUNTY,2.475,HARRISON COUNTY,1,0,1,reduced-rate
US,MO,64473,HOLT COUNTY,3.725,HOLT COUNTY,1,0,1,reduced-rate
US,MO,64474,DEKALB COUNTY,3.225,DEKALB COUNTY,1,0,1,reduced-rate
US,MO,64475,PARNELL,3.225,PARNELL,1,0,1,reduced-rate
US,MO,64476,NODAWAY COUNTY,3.225,NODAWAY COUNTY,1,0,1,reduced-rate
US,MO,64477,PLATTSBURG,4.725,PLATTSBURG,1,0,1,reduced-rate
US,MO,64479,NODAWAY COUNTY,3.225,NODAWAY COUNTY,1,0,1,reduced-rate
US,MO,64480,ANDREW CO REMAINDER,2.925,ANDREW CO REMAINDER,1,0,1,reduced-rate
US,MO,64481,HARRISON CO NOEL T AD AMB,2.975,HARRISON CO NOEL T AD AMB,1,0,1,reduced-rate
US,MO,64482,ROCK PORT,5.725,ROCK PORT,1,0,1,reduced-rate
US,MO,64483,ANDREW COUNTY,3.425,ANDREW COUNTY,1,0,1,reduced-rate
US,MO,64484,BUCHANAN COUNTY,2.825,BUCHANAN COUNTY,1,0,1,reduced-rate
US,MO,64485,SAVANNAH,5.425,SAVANNAH,1,0,1,reduced-rate
US,MO,64486,WORTH COUNTY,3.6,WORTH COUNTY,1,0,1,reduced-rate
US,MO,64487,NODAWAY COUNTY,3.225,NODAWAY COUNTY,1,0,1,reduced-rate
US,MO,64489,STANBERRY,4.225,STANBERRY,1,0,1,reduced-rate
US,MO,64490,DEKALB COUNTY,3.225,DEKALB COUNTY,1,0,1,reduced-rate
US,MO,64491,TARKIO,5.475,TARKIO,1,0,1,reduced-rate
US,MO,64492,CLINTON CO TRICO AMB DIST,2.725,CLINTON CO TRICO AMB DIST,1,0,1,reduced-rate
US,MO,64493,CLINTON CO TRICO AMB DIST,2.725,CLINTON CO TRICO AMB DIST,1,0,1,reduced-rate
US,MO,64494,ANDREW CO REMAINDER,2.925,ANDREW CO REMAINDER,1,0,1,reduced-rate
US,MO,64496,ATCHINSON COUNTY,3.475,ATCHINSON COUNTY,1,0,1,reduced-rate
US,MO,64497,DEKALB COUNTY,3.225,DEKALB COUNTY,1,0,1,reduced-rate
US,MO,64498,ATCHINSON COUNTY,3.475,ATCHINSON COUNTY,1,0,1,reduced-rate
US,MO,64499,WORTH,3.6,WORTH,1,0,1,reduced-rate
US,MO,64501,ST. JOSEPH,5.7,ST. JOSEPH,1,0,1,reduced-rate
US,MO,64502,SAINT JOSEPH DOWNTOWN CID,6.2,SAINT JOSEPH DOWNTOWN CID,1,0,1,reduced-rate
US,MO,64503,ST. JOSEPH,5.7,ST. JOSEPH,1,0,1,reduced-rate
US,MO,64504,ST. JOSEPH,5.7,ST. JOSEPH,1,0,1,reduced-rate
US,MO,64505,ST. JOSEPH,5.7,ST. JOSEPH,1,0,1,reduced-rate
US,MO,64506,ST. JOSEPH,5.7,ST. JOSEPH,1,0,1,reduced-rate
US,MO,64507,ST. JOSEPH,5.7,ST. JOSEPH,1,0,1,reduced-rate
US,MO,64508,ST. JOSEPH,5.7,ST. JOSEPH,1,0,1,reduced-rate
US,MO,64601,CHILLICOTHE,4.725,CHILLICOTHE,1,0,1,reduced-rate
US,MO,64620,DAVIES COUNTY,3.225,DAVIES COUNTY,1,0,1,reduced-rate
US,MO,64622,CARROLL COUNTY,2.725,CARROLL COUNTY,1,0,1,reduced-rate
US,MO,64623,CARROLL COUNTY,2.725,CARROLL COUNTY,1,0,1,reduced-rate
US,MO,64624,BRAYMER,4.725,BRAYMER,1,0,1,reduced-rate
US,MO,64625,BRECKENRIDGE,4.725,BRECKENRIDGE,1,0,1,reduced-rate
US,MO,64628,BROOKFIELD,5.475,BROOKFIELD,1,0,1,reduced-rate
US,MO,64630,LINN COUNTY,3.225,LINN COUNTY,1,0,1,reduced-rate
US,MO,64631,LINN COUNTY,3.225,LINN COUNTY,1,0,1,reduced-rate
US,MO,64632,CAINSVILLE,2.975,CAINSVILLE,1,0,1,reduced-rate
US,MO,64633,CARROLLTON,5.475,CARROLLTON,1,0,1,reduced-rate
US,MO,64635,CHULA,2.475,CHULA,1,0,1,reduced-rate
US,MO,64636,DAVIESS CO NOEL T AMB,3.725,DAVIESS CO NOEL T AMB,1,0,1,reduced-rate
US,MO,64637,CALDWELL COUNTY,3.725,CALDWELL COUNTY,1,0,1,reduced-rate
US,MO,64638,LIVINGSTON COUNTY,2.475,LIVINGSTON COUNTY,1,0,1,reduced-rate
US,MO,64639,CARROLL COUNTY,2.725,CARROLL COUNTY,1,0,1,reduced-rate
US,MO,64640,GALLATIN,5.1,GALLATIN,1,0,1,reduced-rate
US,MO,64641,GRUNDY COUNTY,2.725,GRUNDY COUNTY,1,0,1,reduced-rate
US,MO,64642,HARRISON CO NOEL T AD AMB,2.975,HARRISON CO NOEL T AD AMB,1,0,1,reduced-rate
US,MO,64643,CARROLL COUNTY,2.725,CARROLL COUNTY,1,0,1,reduced-rate
US,MO,64644,HAMILTON,5.725,HAMILTON,1,0,1,reduced-rate
US,MO,64645,SULLIVAN COUNTY,3.975,SULLIVAN COUNTY,1,0,1,reduced-rate
US,MO,64646,SULLIVAN COUNTY,3.975,SULLIVAN COUNTY,1,0,1,reduced-rate
US,MO,64647,DAVIES COUNTY,3.225,DAVIES COUNTY,1,0,1,reduced-rate
US,MO,64648,DAVIES COUNTY,3.225,DAVIES COUNTY,1,0,1,reduced-rate
US,MO,64649,CALDWELL COUNTY,3.725,CALDWELL COUNTY,1,0,1,reduced-rate
US,MO,64650,CALDWELL COUNTY,3.725,CALDWELL COUNTY,1,0,1,reduced-rate
US,MO,64651,LINN COUNTY,3.225,LINN COUNTY,1,0,1,reduced-rate
US,MO,64652,LAREDO,2.725,LAREDO,1,0,1,reduced-rate
US,MO,64653,LINN COUNTY,3.225,LINN COUNTY,1,0,1,reduced-rate
US,MO,64654,JAMESPORT,4.725,JAMESPORT,1,0,1,reduced-rate
US,MO,64655,PUTNAM COUNTY,3.225,PUTNAM COUNTY,1,0,1,reduced-rate
US,MO,64656,LIVINGSTON COUNTY,2.475,LIVINGSTON COUNTY,1,0,1,reduced-rate
US,MO,64657,GENTRY COUNTY,2.725,GENTRY COUNTY,1,0,1,reduced-rate
US,MO,64658,MARCELINE (LINN CO),5.225,MARCELINE (LINN CO),1,0,1,reduced-rate
US,MO,64659,LINN COUNTY,3.225,LINN COUNTY,1,0,1,reduced-rate
US,MO,64660,CHARITON COUNTY,3.1,CHARITON COUNTY,1,0,1,reduced-rate
US,MO,64661,MERCER COUNTY,3.475,MERCER COUNTY,1,0,1,reduced-rate
US,MO,64664,LIVINGSTON COUNTY,2.475,LIVINGSTON COUNTY,1,0,1,reduced-rate
US,MO,64667,SULLIVAN COUNTY,3.975,SULLIVAN COUNTY,1,0,1,reduced-rate
US,MO,64668,CARROLL COUNTY,2.725,CARROLL COUNTY,1,0,1,reduced-rate
US,MO,64670,DAVIESS CO NOEL T AMB,3.725,DAVIESS CO NOEL T AMB,1,0,1,reduced-rate
US,MO,64671,CALDWELL COUNTY,3.725,CALDWELL COUNTY,1,0,1,reduced-rate
US,MO,64672,PUTNAM COUNTY,3.225,PUTNAM COUNTY,1,0,1,reduced-rate
US,MO,64673,PRINCETON,4.975,PRINCETON,1,0,1,reduced-rate
US,MO,64674,LINN COUNTY,3.225,LINN COUNTY,1,0,1,reduced-rate
US,MO,64676,CHARITON COUNTY,3.1,CHARITON COUNTY,1,0,1,reduced-rate
US,MO,64679,GRUNDY COUNTY,2.725,GRUNDY COUNTY,1,0,1,reduced-rate
US,MO,64680,KANSAS CITY DWNTWN ST CID,6.6,KANSAS CITY DWNTWN ST CID,1,0,1,reduced-rate
US,MO,64681,SUMNER,3.1,SUMNER,1,0,1,reduced-rate
US,MO,64682,CARROLL COUNTY,2.725,CARROLL COUNTY,1,0,1,reduced-rate
US,MO,64683,TRENTON,5.35,TRENTON,1,0,1,reduced-rate
US,MO,64686,UTICA,2.475,UTICA,1,0,1,reduced-rate
US,MO,64688,LIVINGSTON COUNTY,2.475,LIVINGSTON COUNTY,1,0,1,reduced-rate
US,MO,64689,DAVIES COUNTY,3.225,DAVIES COUNTY,1,0,1,reduced-rate
US,MO,64701,HARRISONVILLE,4.725,HARRISONVILLE,1,0,1,reduced-rate
US,MO,64720,BATES COUNTY,2.225,BATES COUNTY,1,0,1,reduced-rate
US,MO,64722,BATES COUNTY,2.225,BATES COUNTY,1,0,1,reduced-rate
US,MO,64723,AMSTERDAM,3.225,AMSTERDAM,1,0,1,reduced-rate
US,MO,64724,APPLETON,4.1,APPLETON,1,0,1,reduced-rate
US,MO,64725,CASS COUNTY,2.85,CASS COUNTY,1,0,1,reduced-rate
US,MO,64726,HENRY COUNTY,2.675,HENRY COUNTY,1,0,1,reduced-rate
US,MO,64728,VERNON COUNTY,2.225,VERNON COUNTY,1,0,1,reduced-rate
US,MO,64730,BUTLER,5.85,BUTLER,1,0,1,reduced-rate
US,MO,64733,JOHNSON COUNTY,3.975,JOHNSON COUNTY,1,0,1,reduced-rate
US,MO,64734,CASS COUNTY,2.85,CASS COUNTY,1,0,1,reduced-rate
US,MO,64735,CLINTON,4.8,CLINTON,1,0,1,reduced-rate
US,MO,64738,ST. CLAIR COUNTY,1.725,ST. CLAIR COUNTY,1,0,1,reduced-rate
US,MO,64739,CASS COUNTY,2.85,CASS COUNTY,1,0,1,reduced-rate
US,MO,64740,HENRY COUNTY,2.675,HENRY COUNTY,1,0,1,reduced-rate
US,MO,64741,VERNON COUNTY,2.225,VERNON COUNTY,1,0,1,reduced-rate
US,MO,64742,CASS COUNTY,2.85,CASS COUNTY,1,0,1,reduced-rate
US,MO,64743,EAST LYNNE,4.35,EAST LYNNE,1,0,1,reduced-rate
US,MO,64744,EL DORADO SPRINGS,5.225,EL DORADO SPRINGS,1,0,1,reduced-rate
US,MO,64745,FOSTER,2.225,FOSTER,1,0,1,reduced-rate
US,MO,64746,CASS COUNTY,2.85,CASS COUNTY,1,0,1,reduced-rate
US,MO,64747,CASS COUNTY,2.85,CASS COUNTY,1,0,1,reduced-rate
US,MO,64748,GOLDEN,4.6,GOLDEN,1,0,1,reduced-rate
US,MO,64750,VERNON COUNTY,2.225,VERNON COUNTY,1,0,1,reduced-rate
US,MO,64752,BATES COUNTY,2.225,BATES COUNTY,1,0,1,reduced-rate
US,MO,64755,JASPER COUNTY,2.45,JASPER COUNTY,1,0,1,reduced-rate
US,MO,64756,CEDAR CO LIBRARY DISTRICT,3.475,CEDAR CO LIBRARY DISTRICT,1,0,1,reduced-rate
US,MO,64759,LAMAR,5.225,LAMAR,1,0,1,reduced-rate
US,MO,64761,LEETON,5.975,LEETON,1,0,1,reduced-rate
US,MO,64762,BARTON COUNTY / BARTON CO AMBULANCE,2.725,BARTON COUNTY / BARTON CO AMBULANCE,1,0,1,reduced-rate
US,MO,64763,LOWRY,3.975,LOWRY,1,0,1,reduced-rate
US,MO,64765,METZ,2.225,METZ,1,0,1,reduced-rate
US,MO,64767,VERNON COUNTY,2.225,VERNON COUNTY,1,0,1,reduced-rate
US,MO,64769,MINDENMINES,3.725,MINDENMINES,1,0,1,reduced-rate
US,MO,64770,MONTROSE,4.675,MONTROSE,1,0,1,reduced-rate
US,MO,64771,VERNON COUNTY,2.225,VERNON COUNTY,1,0,1,reduced-rate
US,MO,64772,NEVADA,5.225,NEVADA,1,0,1,reduced-rate
US,MO,64776,ST. CLAIR COUNTY,1.725,ST. CLAIR COUNTY,1,0,1,reduced-rate
US,MO,64778,VERNON COUNTY,2.225,VERNON COUNTY,1,0,1,reduced-rate
US,MO,64779,RICH HILL,4.225,RICH HILL,1,0,1,reduced-rate
US,MO,64780,ST. CLAIR COUNTY,1.725,ST. CLAIR COUNTY,1,0,1,reduced-rate
US,MO,64781,ROSCOE,1.725,ROSCOE,1,0,1,reduced-rate
US,MO,64783,VERNON COUNTY,2.225,VERNON COUNTY,1,0,1,reduced-rate
US,MO,64784,VERNON COUNTY,2.225,VERNON COUNTY,1,0,1,reduced-rate
US,MO,64788,HENRY COUNTY,2.675,HENRY COUNTY,1,0,1,reduced-rate
US,MO,64790,VERNON COUNTY,2.225,VERNON COUNTY,1,0,1,reduced-rate
US,MO,64801,JOPLIN (JASPER CO),5.575,JOPLIN (JASPER CO),1,0,1,reduced-rate
US,MO,64802,JOPLIN (JASPER CO),5.575,JOPLIN (JASPER CO),1,0,1,reduced-rate
US,MO,64803,JOPLIN (JASPER CO),5.575,JOPLIN (JASPER CO),1,0,1,reduced-rate
US,MO,64804,JOPLIN (JASPER CO),5.575,JOPLIN (JASPER CO),1,0,1,reduced-rate
US,MO,64830,ALBA,3.45,ALBA,1,0,1,reduced-rate
US,MO,64831,MCDONALD COUNTY,3.225,MCDONALD COUNTY,1,0,1,reduced-rate
US,MO,64832,JASPER COUNTY,2.45,JASPER COUNTY,1,0,1,reduced-rate
US,MO,64833,AVILLA,2.45,AVILLA,1,0,1,reduced-rate
US,MO,64834,CARL JUNCTION,4.95,CARL JUNCTION,1,0,1,reduced-rate
US,MO,64835,CARTERVILLE,4.45,CARTERVILLE,1,0,1,reduced-rate
US,MO,64836,JASPER COUNTY,2.45,JASPER COUNTY,1,0,1,reduced-rate
US,MO,64840,NEWTON COUNTY,2.35,NEWTON COUNTY,1,0,1,reduced-rate
US,MO,64841,DUENWEG,4.2,DUENWEG,1,0,1,reduced-rate
US,MO,64842,NEWTON COUNTY,2.35,NEWTON COUNTY,1,0,1,reduced-rate
US,MO,64843,MCDONALD COUNTY,3.225,MCDONALD COUNTY,1,0,1,reduced-rate
US,MO,64844,NEWTON COUNTY,2.35,NEWTON COUNTY,1,0,1,reduced-rate
US,MO,64847,LANAGAN,5.225,LANAGAN,1,0,1,reduced-rate
US,MO,64848,LAWRENCE COUNTY,3.35,LAWRENCE COUNTY,1,0,1,reduced-rate
US,MO,64849,NECK,2.45,NECK,1,0,1,reduced-rate
US,MO,64850,NEWTON COUNTY,2.35,NEWTON COUNTY,1,0,1,reduced-rate
US,MO,64853,STARK,2.85,STARK,1,0,1,reduced-rate
US,MO,64854,MCDONALD COUNTY,3.225,MCDONALD COUNTY,1,0,1,reduced-rate
US,MO,64855,JASPER COUNTY,2.45,JASPER COUNTY,1,0,1,reduced-rate
US,MO,64856,MCDONALD COUNTY,3.225,MCDONALD COUNTY,1,0,1,reduced-rate
US,MO,64857,PURCELL,3.45,PURCELL,1,0,1,reduced-rate
US,MO,64858,NEWTON COUNTY,2.35,NEWTON COUNTY,1,0,1,reduced-rate
US,MO,64859,JASPER COUNTY,2.45,JASPER COUNTY,1,0,1,reduced-rate
US,MO,64861,MCDONALD COUNTY,3.225,MCDONALD COUNTY,1,0,1,reduced-rate
US,MO,64862,JASPER COUNTY,2.45,JASPER COUNTY,1,0,1,reduced-rate
US,MO,64863,MCDONALD COUNTY,3.225,MCDONALD COUNTY,1,0,1,reduced-rate
US,MO,64864,SAGINAW,3.35,SAGINAW,1,0,1,reduced-rate
US,MO,64865,NEWTON COUNTY,2.35,NEWTON COUNTY,1,0,1,reduced-rate
US,MO,64866,NEWTON COUNTY,2.35,NEWTON COUNTY,1,0,1,reduced-rate
US,MO,64867,MCDONALD COUNTY,3.225,MCDONALD COUNTY,1,0,1,reduced-rate
US,MO,64868,MCDONALD COUNTY,3.225,MCDONALD COUNTY,1,0,1,reduced-rate
US,MO,64870,WEBB,4.95,WEBB,1,0,1,reduced-rate
US,MO,64873,BARRY LAWRENCE CO AMB SP,3.85,BARRY LAWRENCE CO AMB SP,1,0,1,reduced-rate
US,MO,64874,WHEATON,4.6,WHEATON,1,0,1,reduced-rate
US,MO,64999,KANSAS CITY (JACKSON CO),5.6,KANSAS CITY (JACKSON CO),1,0,1,reduced-rate
US,MO,65001,ARGYLE (OSAGE CO),4.475,ARGYLE (OSAGE CO),1,0,1,reduced-rate
US,MO,65010,ASHLAND,5.475,ASHLAND,1,0,1,reduced-rate
US,MO,65011,MORGAN CO/MID-MO AMBULANCE DISTRICT,2.725,MORGAN CO/MID-MO AMBULANCE DISTRICT,1,0,1,reduced-rate
US,MO,65013,MARIES COUNTY,2.891,MARIES COUNTY,1,0,1,reduced-rate
US,MO,65014,GASCONADE COUNTY,2.6,GASCONADE COUNTY,1,0,1,reduced-rate
US,MO,65016,OSAGES CO/OSAGE AMBULANCE DISTRICT,3.475,OSAGES CO/OSAGE AMBULANCE DISTRICT,1,0,1,reduced-rate
US,MO,65017,MILLER CO AMB DIST,2.725,MILLER CO AMB DIST,1,0,1,reduced-rate
US,MO,65018,MONITEAU COUNTY,3.475,MONITEAU COUNTY,1,0,1,reduced-rate
US,MO,65020,CAMDEN COUNTY,2.475,CAMDEN COUNTY,1,0,1,reduced-rate
US,MO,65023,COLE COUNTY,2.725,COLE COUNTY,1,0,1,reduced-rate
US,MO,65024,OSAGES CO/OSAGE AMBULANCE DISTRICT,3.475,OSAGES CO/OSAGE AMBULANCE DISTRICT,1,0,1,reduced-rate
US,MO,65025,MONITEAU COUNTY,3.475,MONITEAU COUNTY,1,0,1,reduced-rate
US,MO,65026,ELDON,5.125,ELDON,1,0,1,reduced-rate
US,MO,65032,COLE COUNTY,2.725,COLE COUNTY,1,0,1,reduced-rate
US,MO,65034,MORGAN CO/MID-MO AMBULANCE DISTRICT,2.725,MORGAN CO/MID-MO AMBULANCE DISTRICT,1,0,1,reduced-rate
US,MO,65035,OSAGES CO/OSAGE AMBULANCE DISTRICT,3.475,OSAGES CO/OSAGE AMBULANCE DISTRICT,1,0,1,reduced-rate
US,MO,65037,CAM-MO AMBULANCE DISTRICT (MORGAN CO),2.725,CAM-MO AMBULANCE DISTRICT (MORGAN CO),1,0,1,reduced-rate
US,MO,65038,CAM-MO AMBULANCE DISTRICT (MORGAN CO),2.725,CAM-MO AMBULANCE DISTRICT (MORGAN CO),1,0,1,reduced-rate
US,MO,65039,BOONE COUNTY,2.975,BOONE COUNTY,1,0,1,reduced-rate
US,MO,65040,COLE COUNTY,2.725,COLE COUNTY,1,0,1,reduced-rate
US,MO,65041,HERMANN,5.975,HERMANN,1,0,1,reduced-rate
US,MO,65042,MONITEAU COUNTY,3.475,MONITEAU COUNTY,1,0,1,reduced-rate
US,MO,65043,CALLAWAY COUNTY / CALLAWAY AMBULANCE DIST,3.725,CALLAWAY COUNTY / CALLAWAY AMBULANCE DIST,1,0,1,reduced-rate
US,MO,65046,MONITEAU COUNTY,3.475,MONITEAU COUNTY,1,0,1,reduced-rate
US,MO,65047,MILLER CO AMB DIST,2.725,MILLER CO AMB DIST,1,0,1,reduced-rate
US,MO,65048,OSAGES CO/MARIES OSAGE AMBULANCE DISTRICT,3.475,OSAGES CO/MARIES OSAGE AMBULANCE DISTRICT,1,0,1,reduced-rate
US,MO,65049,CAMDEN COUNTY,2.475,CAMDEN COUNTY,1,0,1,reduced-rate
US,MO,65050,MONITEAU COUNTY,3.475,MONITEAU COUNTY,1,0,1,reduced-rate
US,MO,65051,OSAGES CO/OSAGE AMBULANCE DISTRICT,3.475,OSAGES CO/OSAGE AMBULANCE DISTRICT,1,0,1,reduced-rate
US,MO,65052,CAMDEN COUNTY,2.475,CAMDEN COUNTY,1,0,1,reduced-rate
US,MO,65053,COLE COUNTY,2.725,COLE COUNTY,1,0,1,reduced-rate
US,MO,65054,OSAGES CO/OSAGE AMBULANCE DISTRICT,3.475,OSAGES CO/OSAGE AMBULANCE DISTRICT,1,0,1,reduced-rate
US,MO,65055,MONITEAU COUNTY,3.475,MONITEAU COUNTY,1,0,1,reduced-rate
US,MO,65058,MARIES CO/MARIES OSAGE AMBULANCE DISTRICT,3.391,MARIES CO/MARIES OSAGE AMBULANCE DISTRICT,1,0,1,reduced-rate
US,MO,65059,CALLAWAY COUNTY / CALLAWAY AMBULANCE DIST,3.725,CALLAWAY COUNTY / CALLAWAY AMBULANCE DIST,1,0,1,reduced-rate
US,MO,65061,OSAGES CO/OSAGE AMBULANCE DISTRICT,3.475,OSAGES CO/OSAGE AMBULANCE DISTRICT,1,0,1,reduced-rate
US,MO,65062,GASCONADE COUNTY,2.6,GASCONADE COUNTY,1,0,1,reduced-rate
US,MO,65063,CALLAWAY COUNTY / CALLAWAY AMBULANCE DIST,3.725,CALLAWAY COUNTY / CALLAWAY AMBULANCE DIST,1,0,1,reduced-rate
US,MO,65064,MILLER CO AMB DIST,2.725,MILLER CO AMB DIST,1,0,1,reduced-rate
US,MO,65065,OSAGE BEACH (CAMDEN CO),4.475,OSAGE BEACH (CAMDEN CO),1,0,1,reduced-rate
US,MO,65066,OWENSVILLE,5.6,OWENSVILLE,1,0,1,reduced-rate
US,MO,65067,CALLAWAY COUNTY / CALLAWAY AMBULANCE DIST,3.725,CALLAWAY COUNTY / CALLAWAY AMBULANCE DIST,1,0,1,reduced-rate
US,MO,65068,COOPER COUNTY,3.225,COOPER COUNTY,1,0,1,reduced-rate
US,MO,65069,MONTGOMERY CO/HERMANN AREA AMBULANCE DISTRICT,3.975,MONTGOMERY CO/HERMANN AREA AMBULANCE DISTRICT,1,0,1,reduced-rate
US,MO,65072,MORGAN CO/MID-MO AMBULANCE DISTRICT,2.725,MORGAN CO/MID-MO AMBULANCE DISTRICT,1,0,1,reduced-rate
US,MO,65074,COLE COUNTY,2.725,COLE COUNTY,1,0,1,reduced-rate
US,MO,65075,MILLER CO AMB DIST,2.725,MILLER CO AMB DIST,1,0,1,reduced-rate
US,MO,65076,COLE COUNTY,2.725,COLE COUNTY,1,0,1,reduced-rate
US,MO,65077,CALLAWAY COUNTY / CALLAWAY AMBULANCE DIST,3.725,CALLAWAY COUNTY / CALLAWAY AMBULANCE DIST,1,0,1,reduced-rate
US,MO,65078,MORGAN CO/MID-MO AMBULANCE DISTRICT,2.725,MORGAN CO/MID-MO AMBULANCE DISTRICT,1,0,1,reduced-rate
US,MO,65079,CAM-MO AMBULANCE DIST (CAMDEN CO),2.975,CAM-MO AMBULANCE DIST (CAMDEN CO),1,0,1,reduced-rate
US,MO,65080,CALLAWAY COUNTY / CALLAWAY AMBULANCE DIST,3.725,CALLAWAY COUNTY / CALLAWAY AMBULANCE DIST,1,0,1,reduced-rate
US,MO,65081,TIPTON,5.225,TIPTON,1,0,1,reduced-rate
US,MO,65082,MILLER CO AMB DIST,2.725,MILLER CO AMB DIST,1,0,1,reduced-rate
US,MO,65083,MILLER CO AMB DIST,2.725,MILLER CO AMB DIST,1,0,1,reduced-rate
US,MO,65084,MORGAN CO/MID-MO AMBULANCE DISTRICT,2.725,MORGAN CO/MID-MO AMBULANCE DISTRICT,1,0,1,reduced-rate
US,MO,65085,OSAGES CO/MARIES OSAGE AMBULANCE DISTRICT,3.475,OSAGES CO/MARIES OSAGE AMBULANCE DISTRICT,1,0,1,reduced-rate
US,MO,65101,JEFFERSON CITY (COLE CO),4.725,JEFFERSON CITY (COLE CO),1,0,1,reduced-rate
US,MO,65102,JEFFERSON CITY (COLE CO),4.725,JEFFERSON CITY (COLE CO),1,0,1,reduced-rate
US,MO,65103,JEFFERSON CITY (COLE CO),4.725,JEFFERSON CITY (COLE CO),1,0,1,reduced-rate
US,MO,65104,JEFFERSON CITY (COLE CO),4.725,JEFFERSON CITY (COLE CO),1,0,1,reduced-rate
US,MO,65105,JEFFERSON CITY (COLE CO),4.725,JEFFERSON CITY (COLE CO),1,0,1,reduced-rate
US,MO,65109,JEFFERSON CITY (COLE CO),4.725,JEFFERSON CITY (COLE CO),1,0,1,reduced-rate
US,MO,65110,JEFFERSON CITY (COLE CO),4.725,JEFFERSON CITY (COLE CO),1,0,1,reduced-rate
US,MO,65111,JEFFERSON CITY (COLE CO),4.725,JEFFERSON CITY (COLE CO),1,0,1,reduced-rate
US,MO,65201,COLUMBIA,4.975,COLUMBIA,1,0,1,reduced-rate
US,MO,65202,COLUMBIA,4.975,COLUMBIA,1,0,1,reduced-rate
US,MO,65203,COLUMBIA,4.975,COLUMBIA,1,0,1,reduced-rate
US,MO,65205,COLUMBIA DOWNTOWN CID,5.475,COLUMBIA DOWNTOWN CID,1,0,1,reduced-rate
US,MO,65211,COLUMBIA,4.975,COLUMBIA,1,0,1,reduced-rate
US,MO,65212,COLUMBIA,4.975,COLUMBIA,1,0,1,reduced-rate
US,MO,65215,COLUMBIA,4.975,COLUMBIA,1,0,1,reduced-rate
US,MO,65216,COLUMBIA,4.975,COLUMBIA,1,0,1,reduced-rate
US,MO,65217,COLUMBIA,4.975,COLUMBIA,1,0,1,reduced-rate
US,MO,65218,COLUMBIA,4.975,COLUMBIA,1,0,1,reduced-rate
US,MO,65230,HOWARD COUNTY,3.85,HOWARD COUNTY,1,0,1,reduced-rate
US,MO,65231,CALLAWAY COUNTY / CALLAWAY AMBULANCE DIST,3.725,CALLAWAY COUNTY / CALLAWAY AMBULANCE DIST,1,0,1,reduced-rate
US,MO,65232,AUDRAIN CO AMB DIST,3.85,AUDRAIN CO AMB DIST,1,0,1,reduced-rate
US,MO,65233,BOONVILLE,6.1,BOONVILLE,1,0,1,reduced-rate
US,MO,65236,BRUNSWICK,5.1,BRUNSWICK,1,0,1,reduced-rate
US,MO,65237,COOPER COUNTY,3.225,COOPER COUNTY,1,0,1,reduced-rate
US,MO,65239,RANDOLPH COUNTY,2.975,RANDOLPH COUNTY,1,0,1,reduced-rate
US,MO,65240,CENTRALIA,5.475,CENTRALIA,1,0,1,reduced-rate
US,MO,65243,RANDOLPH COUNTY,2.975,RANDOLPH COUNTY,1,0,1,reduced-rate
US,MO,65244,RANDOLPH COUNTY,2.975,RANDOLPH COUNTY,1,0,1,reduced-rate
US,MO,65246,CHARITON COUNTY,3.1,CHARITON COUNTY,1,0,1,reduced-rate
US,MO,65247,MACON COUNTY,3.35,MACON COUNTY,1,0,1,reduced-rate
US,MO,65248,HOWARD COUNTY,3.85,HOWARD COUNTY,1,0,1,reduced-rate
US,MO,65250,HOWARD COUNTY,3.85,HOWARD COUNTY,1,0,1,reduced-rate
US,MO,65251,CALLAWAY COUNTY / CALLAWAY AMBULANCE DIST,3.725,CALLAWAY COUNTY / CALLAWAY AMBULANCE DIST,1,0,1,reduced-rate
US,MO,65254,HOWARD COUNTY,3.85,HOWARD COUNTY,1,0,1,reduced-rate
US,MO,65255,BOONE COUNTY,2.975,BOONE COUNTY,1,0,1,reduced-rate
US,MO,65256,BOONE COUNTY,2.975,BOONE COUNTY,1,0,1,reduced-rate
US,MO,65257,RANDOLPH COUNTY,2.975,RANDOLPH COUNTY,1,0,1,reduced-rate
US,MO,65258,MONROE COUNTY,2.725,MONROE COUNTY,1,0,1,reduced-rate
US,MO,65259,RANDOLPH COUNTY,2.975,RANDOLPH COUNTY,1,0,1,reduced-rate
US,MO,65260,RANDOLPH COUNTY,2.975,RANDOLPH COUNTY,1,0,1,reduced-rate
US,MO,65261,CHARITON COUNTY,3.1,CHARITON COUNTY,1,0,1,reduced-rate
US,MO,65262,CALLAWAY COUNTY / CALLAWAY AMBULANCE DIST,3.725,CALLAWAY COUNTY / CALLAWAY AMBULANCE DIST,1,0,1,reduced-rate
US,MO,65263,MONROE COUNTY,2.725,MONROE COUNTY,1,0,1,reduced-rate
US,MO,65264,AUDRAIN CO AMB DIST,3.85,AUDRAIN CO AMB DIST,1,0,1,reduced-rate
US,MO,65265,MEXICO,5.85,MEXICO,1,0,1,reduced-rate
US,MO,65270,MOBERLY,5.475,MOBERLY,1,0,1,reduced-rate
US,MO,65274,HOWARD COUNTY,3.85,HOWARD COUNTY,1,0,1,reduced-rate
US,MO,65275,MONROE COUNTY,2.725,MONROE COUNTY,1,0,1,reduced-rate
US,MO,65276,COOPER COUNTY,3.225,COOPER COUNTY,1,0,1,reduced-rate
US,MO,65278,RENICK,2.975,RENICK,1,0,1,reduced-rate
US,MO,65279,BOONE COUNTY,2.975,BOONE COUNTY,1,0,1,reduced-rate
US,MO,65280,AUDRAIN CO AMB DIST,3.85,AUDRAIN CO AMB DIST,1,0,1,reduced-rate
US,MO,65281,SALISBURY,4.475,SALISBURY,1,0,1,reduced-rate
US,MO,65282,MONROE COUNTY,2.725,MONROE COUNTY,1,0,1,reduced-rate
US,MO,65283,MONROE CO/MONROE AMBULANCE DIST,3.225,MONROE CO/MONROE AMBULANCE DIST,1,0,1,reduced-rate
US,MO,65284,BOONE COUNTY,2.975,BOONE COUNTY,1,0,1,reduced-rate
US,MO,65285,AUDRAIN COUNTY,3.35,AUDRAIN COUNTY,1,0,1,reduced-rate
US,MO,65286,CHARITON COUNTY,3.1,CHARITON COUNTY,1,0,1,reduced-rate
US,MO,65287,COOPER COUNTY,3.225,COOPER COUNTY,1,0,1,reduced-rate
US,MO,65299,COLUMBIA DOWNTOWN CID,5.475,COLUMBIA DOWNTOWN CID,1,0,1,reduced-rate
US,MO,65301,SEDALIA,5.225,SEDALIA,1,0,1,reduced-rate
US,MO,65302,SEDALIA,5.225,SEDALIA,1,0,1,reduced-rate
US,MO,65305,WHITEMAN AFB,3.975,WHITEMAN AFB,1,0,1,reduced-rate
US,MO,65320,ARROW ROCK,5.725,ARROW ROCK,1,0,1,reduced-rate
US,MO,65321,SALINE COUNTY,3.225,SALINE COUNTY,1,0,1,reduced-rate
US,MO,65322,COOPER COUNTY,3.225,COOPER COUNTY,1,0,1,reduced-rate
US,MO,65323,HENRY COUNTY,2.675,HENRY COUNTY,1,0,1,reduced-rate
US,MO,65324,CAMDEN COUNTY,2.475,CAMDEN COUNTY,1,0,1,reduced-rate
US,MO,65325,BENTON CO COLE CAMP AMB,3.725,BENTON CO COLE CAMP AMB,1,0,1,reduced-rate
US,MO,65326,BENTON CO WARSAW LINC AMB,3.725,BENTON CO WARSAW LINC AMB,1,0,1,reduced-rate
US,MO,65327,EMMA (LAFAYETTE CO),3.85,EMMA (LAFAYETTE CO),1,0,1,reduced-rate
US,MO,65329,MORGAN CO/MID-MO AMBULANCE DISTRICT,2.725,MORGAN CO/MID-MO AMBULANCE DISTRICT,1,0,1,reduced-rate
US,MO,65330,SALINE COUNTY,3.225,SALINE COUNTY,1,0,1,reduced-rate
US,MO,65332,PETTIS CO AMBULANCE DIST,2.725,PETTIS CO AMBULANCE DIST,1,0,1,reduced-rate
US,MO,65333,PETTIS CO AMBULANCE DIST,2.725,PETTIS CO AMBULANCE DIST,1,0,1,reduced-rate
US,MO,65334,PETTIS CO AMBULANCE DIST,2.725,PETTIS CO AMBULANCE DIST,1,0,1,reduced-rate
US,MO,65335,IONIA,3.725,IONIA,1,0,1,reduced-rate
US,MO,65336,KNOB NOSTER,5.975,KNOB NOSTER,1,0,1,reduced-rate
US,MO,65337,PETTIS CO AMBULANCE DIST,2.725,PETTIS CO AMBULANCE DIST,1,0,1,reduced-rate
US,MO,65338,BENTON CO COLE CAMP AMB,3.725,BENTON CO COLE CAMP AMB,1,0,1,reduced-rate
US,MO,65339,SALINE COUNTY,3.225,SALINE COUNTY,1,0,1,reduced-rate
US,MO,65340,MARSHALL,5.225,MARSHALL,1,0,1,reduced-rate
US,MO,65344,SALINE COUNTY,3.225,SALINE COUNTY,1,0,1,reduced-rate
US,MO,65345,PETTIS CO/COLE CAMP AMBULANCE DISTRICT,2.725,PETTIS CO/COLE CAMP AMBULANCE DISTRICT,1,0,1,reduced-rate
US,MO,65347,SALINE COUNTY,3.225,SALINE COUNTY,1,0,1,reduced-rate
US,MO,65348,COOPER COUNTY,3.225,COOPER COUNTY,1,0,1,reduced-rate
US,MO,65349,SLATER,5.225,SLATER,1,0,1,reduced-rate
US,MO,65350,PETTIS CO AMBULANCE DIST,2.725,PETTIS CO AMBULANCE DIST,1,0,1,reduced-rate
US,MO,65351,SALINE COUNTY,3.225,SALINE COUNTY,1,0,1,reduced-rate
US,MO,65354,MORGAN CO/MID-MO AMBULANCE DISTRICT,2.725,MORGAN CO/MID-MO AMBULANCE DISTRICT,1,0,1,reduced-rate
US,MO,65355,BENTON CO WARSAW LINC AMB,3.725,BENTON CO WARSAW LINC AMB,1,0,1,reduced-rate
US,MO,65360,WINDSOR (HENRY CO),4.425,WINDSOR (HENRY CO),1,0,1,reduced-rate
US,MO,65401,ROLLA,4.6,ROLLA,1,0,1,reduced-rate
US,MO,65402,ROLLA,4.6,ROLLA,1,0,1,reduced-rate
US,MO,65409,ROLLA,4.6,ROLLA,1,0,1,reduced-rate
US,MO,65436,PHELPS COUNTY,2.35,PHELPS COUNTY,1,0,1,reduced-rate
US,MO,65438,SHANNON COUNTY,2.725,SHANNON COUNTY,1,0,1,reduced-rate
US,MO,65439,IRON COUNTY / IRON CO AMBULANCE DIST,3.225,IRON COUNTY / IRON CO AMBULANCE DIST,1,0,1,reduced-rate
US,MO,65440,DENT COUNTY,3.475,DENT COUNTY,1,0,1,reduced-rate
US,MO,65441,CRAWFORD CO / N CRAWFORD / BOURBON,4.6,CRAWFORD CO / N CRAWFORD / BOURBON,1,0,1,reduced-rate
US,MO,65443,MARIES CO/MARIES OSAGE AMBULANCE DISTRICT,3.391,MARIES CO/MARIES OSAGE AMBULANCE DISTRICT,1,0,1,reduced-rate
US,MO,65444,TEXAS COUNTY,3.1,TEXAS COUNTY,1,0,1,reduced-rate
US,MO,65446,CRAWFORD COUNTY,3.6,CRAWFORD COUNTY,1,0,1,reduced-rate
US,MO,65449,CRAWFORD COUNTY,3.6,CRAWFORD COUNTY,1,0,1,reduced-rate
US,MO,65452,PULASKI CO/PULASKI COUNTY AMBULANCE DISTRICT,2.975,PULASKI CO/PULASKI COUNTY AMBULANCE DISTRICT,1,0,1,reduced-rate
US,MO,65453,CRAWFORD CO / N CRAWFORD AMBULANCE DIST,4.1,CRAWFORD CO / N CRAWFORD AMBULANCE DIST,1,0,1,reduced-rate
US,MO,65456,CRAWFORD COUNTY,3.6,CRAWFORD COUNTY,1,0,1,reduced-rate
US,MO,65457,PULASKI CO/PULASKI COUNTY AMBULANCE DISTRICT,2.975,PULASKI CO/PULASKI COUNTY AMBULANCE DISTRICT,1,0,1,reduced-rate
US,MO,65459,PULASKI CO AMBU DISTRICT,2.475,PULASKI CO AMBU DISTRICT,1,0,1,reduced-rate
US,MO,65461,PHELPS COUNTY,2.35,PHELPS COUNTY,1,0,1,reduced-rate
US,MO,65462,PHELPS COUNTY,2.35,PHELPS COUNTY,1,0,1,reduced-rate
US,MO,65463,LACLEDE COUNTY,2.413,LACLEDE COUNTY,1,0,1,reduced-rate
US,MO,65464,TEXAS COUNTY,3.1,TEXAS COUNTY,1,0,1,reduced-rate
US,MO,65466,SHANNON COUNTY,2.725,SHANNON COUNTY,1,0,1,reduced-rate
US,MO,65468,TEXAS COUNTY,3.1,TEXAS COUNTY,1,0,1,reduced-rate
US,MO,65470,LACLEDE COUNTY,2.413,LACLEDE COUNTY,1,0,1,reduced-rate
US,MO,65473,FORT LEONARD WOOD,2.475,FORT LEONARD WOOD,1,0,1,reduced-rate
US,MO,65479,TEXAS COUNTY,3.1,TEXAS COUNTY,1,0,1,reduced-rate
US,MO,65483,HOUSTON,5.6,HOUSTON,1,0,1,reduced-rate
US,MO,65484,TEXAS COUNTY,3.1,TEXAS COUNTY,1,0,1,reduced-rate
US,MO,65486,MILLER CO AMB DIST,2.725,MILLER CO AMB DIST,1,0,1,reduced-rate
US,MO,65501,DENT COUNTY,3.475,DENT COUNTY,1,0,1,reduced-rate
US,MO,65529,PHELPS COUNTY,2.35,PHELPS COUNTY,1,0,1,reduced-rate
US,MO,65532,DENT COUNTY,3.475,DENT COUNTY,1,0,1,reduced-rate
US,MO,65534,PULASKI CO/PULASKI COUNTY AMBULANCE DISTRICT,2.975,PULASKI CO/PULASKI COUNTY AMBULANCE DISTRICT,1,0,1,reduced-rate
US,MO,65535,CRAWFORD CO / N CRAWFORD AMBULANCE DIST,4.1,CRAWFORD CO / N CRAWFORD AMBULANCE DIST,1,0,1,reduced-rate
US,MO,65536,LACLEDE COUNTY,2.413,LACLEDE COUNTY,1,0,1,reduced-rate
US,MO,65541,DENT COUNTY,3.475,DENT COUNTY,1,0,1,reduced-rate
US,MO,65542,TEXAS COUNTY,3.1,TEXAS COUNTY,1,0,1,reduced-rate
US,MO,65543,LACLEDE COUNTY,2.413,LACLEDE COUNTY,1,0,1,reduced-rate
US,MO,65546,SHANNON COUNTY,2.725,SHANNON COUNTY,1,0,1,reduced-rate
US,MO,65548,MOUNTAIN VIEW,4.662,MOUNTAIN VIEW,1,0,1,reduced-rate
US,MO,65550,PHELPS COUNTY,2.35,PHELPS COUNTY,1,0,1,reduced-rate
US,MO,65552,TEXAS COUNTY,3.1,TEXAS COUNTY,1,0,1,reduced-rate
US,MO,65555,TEXAS COUNTY,3.1,TEXAS COUNTY,1,0,1,reduced-rate
US,MO,65556,PULASKI CO/PULASKI COUNTY AMBULANCE DISTRICT,2.975,PULASKI CO/PULASKI COUNTY AMBULANCE DISTRICT,1,0,1,reduced-rate
US,MO,65557,TEXAS COUNTY,3.1,TEXAS COUNTY,1,0,1,reduced-rate
US,MO,65559,SAINT JAMES AMBUL DIST SP,2.85,SAINT JAMES AMBUL DIST SP,1,0,1,reduced-rate
US,MO,65560,DENT COUNTY,3.475,DENT COUNTY,1,0,1,reduced-rate
US,MO,65564,TEXAS COUNTY,3.1,TEXAS COUNTY,1,0,1,reduced-rate
US,MO,65565,CRAWFORD CO/STEELVILLE AMBULANCE DIST,4.1,CRAWFORD CO/STEELVILLE AMBULANCE DIST,1,0,1,reduced-rate
US,MO,65566,VIBURNUM,5.725,VIBURNUM,1,0,1,reduced-rate
US,MO,65567,CAMDEN COUNTY,2.475,CAMDEN COUNTY,1,0,1,reduced-rate
US,MO,65570,TEXAS COUNTY,3.1,TEXAS COUNTY,1,0,1,reduced-rate
US,MO,65571,TEXAS COUNTY,3.1,TEXAS COUNTY,1,0,1,reduced-rate
US,MO,65580,MARIES COUNTY,2.891,MARIES COUNTY,1,0,1,reduced-rate
US,MO,65582,MARIES CO/MARIES OSAGE AMBULANCE DISTRICT,3.391,MARIES CO/MARIES OSAGE AMBULANCE DISTRICT,1,0,1,reduced-rate
US,MO,65583,PULASKI CO/PULASKI COUNTY AMBULANCE DISTRICT,2.975,PULASKI CO/PULASKI COUNTY AMBULANCE DISTRICT,1,0,1,reduced-rate
US,MO,65584,ST. ROBERT,5.225,ST. ROBERT,1,0,1,reduced-rate
US,MO,65586,CRAWFORD COUNTY,3.6,CRAWFORD COUNTY,1,0,1,reduced-rate
US,MO,65588,WINONA,4.725,WINONA,1,0,1,reduced-rate
US,MO,65589,TEXAS COUNTY,3.1,TEXAS COUNTY,1,0,1,reduced-rate
US,MO,65590,DALLAS COUNTY,3.725,DALLAS COUNTY,1,0,1,reduced-rate
US,MO,65591,CAMDEN COUNTY,2.475,CAMDEN COUNTY,1,0,1,reduced-rate
US,MO,65601,POLK COUNTY,2.6,POLK COUNTY,1,0,1,reduced-rate
US,MO,65603,ARCOLA,3.475,ARCOLA,1,0,1,reduced-rate
US,MO,65604,GREENE COUNTY,2.975,GREENE COUNTY,1,0,1,reduced-rate
US,MO,65605,AURORA,5.85,AURORA,1,0,1,reduced-rate
US,MO,65606,ALTON,5.225,ALTON,1,0,1,reduced-rate
US,MO,65607,STOCKTON,5.475,STOCKTON,1,0,1,reduced-rate
US,MO,65608,AVA,5.225,AVA,1,0,1,reduced-rate
US,MO,65609,OZARK COUNTY,3.725,OZARK COUNTY,1,0,1,reduced-rate
US,MO,65610,CHRISTIAN COUNTY,2.975,CHRISTIAN COUNTY,1,0,1,reduced-rate
US,MO,65611,STONE CO/SO STONE COUNTY FIRE PROTECT DIST,3.475,STONE CO/SO STONE COUNTY FIRE PROTECT DIST,1,0,1,reduced-rate
US,MO,65612,GREENE COUNTY,2.975,GREENE COUNTY,1,0,1,reduced-rate
US,MO,65613,BOLIVAR,5.1,BOLIVAR,1,0,1,reduced-rate
US,MO,65614,TANEY COUNTY,3.1,TANEY COUNTY,1,0,1,reduced-rate
US,MO,65615,BRANSON LAKES AREA TOURISM CID/BRANSON HISTORIC DOWNTOWN CID,7.1,BRANSON LAKES AREA TOURISM CID/BRANSON HISTORIC DOWNTOWN CID,1,0,1,reduced-rate
US,MO,65616,BRANSON LAKES AREA TOURISM CID,6.1,BRANSON LAKES AREA TOURISM CID,1,0,1,reduced-rate
US,MO,65617,GREENE COUNTY,2.975,GREENE COUNTY,1,0,1,reduced-rate
US,MO,65618,OZARK COUNTY,3.725,OZARK COUNTY,1,0,1,reduced-rate
US,MO,65619,BATTLEFIELD,4.475,BATTLEFIELD,1,0,1,reduced-rate
US,MO,65620,CHRISTIAN COUNTY,2.975,CHRISTIAN COUNTY,1,0,1,reduced-rate
US,MO,65622,BUFFALO,5.225,BUFFALO,1,0,1,reduced-rate
US,MO,65623,BUTTERFIELD,4.225,BUTTERFIELD,1,0,1,reduced-rate
US,MO,65624,STONE CO/SO STONE COUNTY FIRE PROTECT DIST,3.475,STONE CO/SO STONE COUNTY FIRE PROTECT DIST,1,0,1,reduced-rate
US,MO,65625,BARRY CO S BARRY AMB DIST,3.225,BARRY CO S BARRY AMB DIST,1,0,1,reduced-rate
US,MO,65626,HOWELL,3.162,HOWELL,1,0,1,reduced-rate
US,MO,65627,TANEY COUNTY,3.1,TANEY COUNTY,1,0,1,reduced-rate
US,MO,65629,CHRISTIAN COUNTY,2.975,CHRISTIAN COUNTY,1,0,1,reduced-rate
US,MO,65630,CHRISTIAN COUNTY,2.975,CHRISTIAN COUNTY,1,0,1,reduced-rate
US,MO,65631,CHRISTIAN COUNTY,2.975,CHRISTIAN COUNTY,1,0,1,reduced-rate
US,MO,65632,LACLEDE COUNTY,2.413,LACLEDE COUNTY,1,0,1,reduced-rate
US,MO,65633,STONE COUNTY,2.975,STONE COUNTY,1,0,1,reduced-rate
US,MO,65634,HICKORY COUNTY,2.725,HICKORY COUNTY,1,0,1,reduced-rate
US,MO,65635,DADE COUNTY / DADE CO AMBULANCE DIST,3.475,DADE COUNTY / DADE CO AMBULANCE DIST,1,0,1,reduced-rate
US,MO,65636,DIGGINS,4.808,DIGGINS,1,0,1,reduced-rate
US,MO,65637,OZARK COUNTY,3.725,OZARK COUNTY,1,0,1,reduced-rate
US,MO,65638,DOUGLAS COUNTY,3.225,DOUGLAS COUNTY,1,0,1,reduced-rate
US,MO,65640,POLK COUNTY,2.6,POLK COUNTY,1,0,1,reduced-rate
US,MO,65641,BARRY CO S BARRY AMB DIST,3.225,BARRY CO S BARRY AMB DIST,1,0,1,reduced-rate
US,MO,65644,WEBSTER COUNTY,3.308,WEBSTER COUNTY,1,0,1,reduced-rate
US,MO,65645,POLK COUNTY,2.6,POLK COUNTY,1,0,1,reduced-rate
US,MO,65646,LAWRENCE COUNTY,3.35,LAWRENCE COUNTY,1,0,1,reduced-rate
US,MO,65647,BARRY CO S BARRY AMB DIST,3.225,BARRY CO S BARRY AMB DIST,1,0,1,reduced-rate
US,MO,65648,GREENE COUNTY,2.975,GREENE COUNTY,1,0,1,reduced-rate
US,MO,65649,POLK COUNTY,2.6,POLK COUNTY,1,0,1,reduced-rate
US,MO,65650,POLK COUNTY,2.6,POLK COUNTY,1,0,1,reduced-rate
US,MO,65652,WEBSTER COUNTY,3.308,WEBSTER COUNTY,1,0,1,reduced-rate
US,MO,65653,TANEY COUNTY,3.1,TANEY COUNTY,1,0,1,reduced-rate
US,MO,65654,FREISTATT,3.85,FREISTATT,1,0,1,reduced-rate
US,MO,65655,OZARK COUNTY,3.725,OZARK COUNTY,1,0,1,reduced-rate
US,MO,65656,STONE COUNTY,2.975,STONE COUNTY,1,0,1,reduced-rate
US,MO,65657,CHRISTIAN COUNTY,2.975,CHRISTIAN COUNTY,1,0,1,reduced-rate
US,MO,65658,BARRY CO S BARRY AMB DIST,3.225,BARRY CO S BARRY AMB DIST,1,0,1,reduced-rate
US,MO,65660,WRIGHT COUNTY,3.1,WRIGHT COUNTY,1,0,1,reduced-rate
US,MO,65661,GREENFIELD,4.6,GREENFIELD,1,0,1,reduced-rate
US,MO,65662,WRIGHT COUNTY,3.1,WRIGHT COUNTY,1,0,1,reduced-rate
US,MO,65663,POLK COUNTY,2.6,POLK COUNTY,1,0,1,reduced-rate
US,MO,65664,HALLTOWN,3.35,HALLTOWN,1,0,1,reduced-rate
US,MO,65666,OZARK COUNTY,3.725,OZARK COUNTY,1,0,1,reduced-rate
US,MO,65667,WRIGHT COUNTY,3.1,WRIGHT COUNTY,1,0,1,reduced-rate
US,MO,65668,HERMITAGE,4.225,HERMITAGE,1,0,1,reduced-rate
US,MO,65669,CHRISTIAN COUNTY,2.975,CHRISTIAN COUNTY,1,0,1,reduced-rate
US,MO,65672,TANEY COUNTY,3.1,TANEY COUNTY,1,0,1,reduced-rate
US,MO,65673,HOLLISTER,5.1,HOLLISTER,1,0,1,reduced-rate
US,MO,65674,HUMANSVILLE,4.975,HUMANSVILLE,1,0,1,reduced-rate
US,MO,65675,HURLEY,3.975,HURLEY,1,0,1,reduced-rate
US,MO,65676,OZARK COUNTY,3.725,OZARK COUNTY,1,0,1,reduced-rate
US,MO,65679,TANEY COUNTY,3.1,TANEY COUNTY,1,0,1,reduced-rate
US,MO,65680,TANEY COUNTY,3.1,TANEY COUNTY,1,0,1,reduced-rate
US,MO,65681,STONE CO/SO STONE COUNTY FIRE PROTECT DIST,3.475,STONE CO/SO STONE COUNTY FIRE PROTECT DIST,1,0,1,reduced-rate
US,MO,65682,DADE COUNTY / DADE CO AMBULANCE DIST,3.475,DADE COUNTY / DADE CO AMBULANCE DIST,1,0,1,reduced-rate
US,MO,65685,DALLAS COUNTY,3.725,DALLAS COUNTY,1,0,1,reduced-rate
US,MO,65686,KIMBERLING,5.475,KIMBERLING,1,0,1,reduced-rate
US,MO,65688,BRANDSVILLE,3.162,BRANDSVILLE,1,0,1,reduced-rate
US,MO,65689,TEXAS COUNTY,3.1,TEXAS COUNTY,1,0,1,reduced-rate
US,MO,65690,OREGON COUNTY,3.225,OREGON COUNTY,1,0,1,reduced-rate
US,MO,65692,HOWELL COUNTY,2.662,HOWELL COUNTY,1,0,1,reduced-rate
US,MO,65702,WRIGHT COUNTY,3.1,WRIGHT COUNTY,1,0,1,reduced-rate
US,MO,65704,WRIGHT COUNTY,3.1,WRIGHT COUNTY,1,0,1,reduced-rate
US,MO,65705,LAWRENCE COUNTY,3.35,LAWRENCE COUNTY,1,0,1,reduced-rate
US,MO,65706,WEBSTER COUNTY,3.308,WEBSTER COUNTY,1,0,1,reduced-rate
US,MO,65707,LAWRENCE COUNTY,3.35,LAWRENCE COUNTY,1,0,1,reduced-rate
US,MO,65708,MONETT,5.475,MONETT,1,0,1,reduced-rate
US,MO,65710,POLK COUNTY,2.6,POLK COUNTY,1,0,1,reduced-rate
US,MO,65711,MOUNTAIN GROVE (WRIGHT CO),6.1,MOUNTAIN GROVE (WRIGHT CO),1,0,1,reduced-rate
US,MO,65712,LAWRENCE COUNTY,3.35,LAWRENCE COUNTY,1,0,1,reduced-rate
US,MO,65713,WEBSTER COUNTY,3.308,WEBSTER COUNTY,1,0,1,reduced-rate
US,MO,65714,NIXA,4.475,NIXA,1,0,1,reduced-rate
US,MO,65715,OZARK COUNTY,3.725,OZARK COUNTY,1,0,1,reduced-rate
US,MO,65717,WRIGHT COUNTY,3.1,WRIGHT COUNTY,1,0,1,reduced-rate
US,MO,65720,CHRISTIAN COUNTY,2.975,CHRISTIAN COUNTY,1,0,1,reduced-rate
US,MO,65721,OZARK,5.35,OZARK,1,0,1,reduced-rate
US,MO,65722,LACLEDE COUNTY,2.413,LACLEDE COUNTY,1,0,1,reduced-rate
US,MO,65723,BARRY LAWRENCE CO AMB SP,3.85,BARRY LAWRENCE CO AMB SP,1,0,1,reduced-rate
US,MO,65724,HICKORY COUNTY,2.725,HICKORY COUNTY,1,0,1,reduced-rate
US,MO,65725,GREENE COUNTY,2.975,GREENE COUNTY,1,0,1,reduced-rate
US,MO,65726,TANEY COUNTY,3.1,TANEY COUNTY,1,0,1,reduced-rate
US,MO,65727,POLK COUNTY,2.6,POLK COUNTY,1,0,1,reduced-rate
US,MO,65728,CHRISTIAN COUNTY,2.975,CHRISTIAN COUNTY,1,0,1,reduced-rate
US,MO,65729,OZARK COUNTY,3.725,OZARK COUNTY,1,0,1,reduced-rate
US,MO,65730,MCDONALD COUNTY,3.225,MCDONALD COUNTY,1,0,1,reduced-rate
US,MO,65731,TANEY COUNTY,3.1,TANEY COUNTY,1,0,1,reduced-rate
US,MO,65732,HICKORY COUNTY,2.725,HICKORY COUNTY,1,0,1,reduced-rate
US,MO,65733,TANEY COUNTY,3.1,TANEY COUNTY,1,0,1,reduced-rate
US,MO,65734,BARRY LAWRENCE CO AMB SP,3.225,BARRY LAWRENCE CO AMB SP,1,0,1,reduced-rate
US,MO,65735,HICKORY COUNTY,2.725,HICKORY COUNTY,1,0,1,reduced-rate
US,MO,65737,STONE CO/SO STONE COUNTY FIRE PROTECT DIST,3.475,STONE CO/SO STONE COUNTY FIRE PROTECT DIST,1,0,1,reduced-rate
US,MO,65738,REPUBLIC (GREENE CO),5.35,REPUBLIC (GREENE CO),1,0,1,reduced-rate
US,MO,65739,TANEY COUNTY,3.1,TANEY COUNTY,1,0,1,reduced-rate
US,MO,65740,ROCKAWAY BEACH,5.1,ROCKAWAY BEACH,1,0,1,reduced-rate
US,MO,65741,OZARK COUNTY,3.725,OZARK COUNTY,1,0,1,reduced-rate
US,MO,65742,GREENE COUNTY,2.975,GREENE COUNTY,1,0,1,reduced-rate
US,MO,65744,TANEY COUNTY,3.1,TANEY COUNTY,1,0,1,reduced-rate
US,MO,65745,BARRY CO S BARRY AMB DIST,3.225,BARRY CO S BARRY AMB DIST,1,0,1,reduced-rate
US,MO,65746,WEBSTER COUNTY,3.308,WEBSTER COUNTY,1,0,1,reduced-rate
US,MO,65747,STONE COUNTY,2.975,STONE COUNTY,1,0,1,reduced-rate
US,MO,65752,DADE COUNTY / DADE CO AMBULANCE DIST,3.475,DADE COUNTY / DADE CO AMBULANCE DIST,1,0,1,reduced-rate
US,MO,65753,CHRISTIAN COUNTY,2.975,CHRISTIAN COUNTY,1,0,1,reduced-rate
US,MO,65754,CHRISTIAN COUNTY,2.975,CHRISTIAN COUNTY,1,0,1,reduced-rate
US,MO,65755,OZARK COUNTY,3.725,OZARK COUNTY,1,0,1,reduced-rate
US,MO,65756,LAWRENCE COUNTY,3.35,LAWRENCE COUNTY,1,0,1,reduced-rate
US,MO,65757,GREENE COUNTY,2.975,GREENE COUNTY,1,0,1,reduced-rate
US,MO,65759,TANEY COUNTY,3.1,TANEY COUNTY,1,0,1,reduced-rate
US,MO,65760,OZARK COUNTY,3.725,OZARK COUNTY,1,0,1,reduced-rate
US,MO,65761,OZARK COUNTY,3.725,OZARK COUNTY,1,0,1,reduced-rate
US,MO,65762,OZARK COUNTY,3.725,OZARK COUNTY,1,0,1,reduced-rate
US,MO,65764,DALLAS COUNTY,3.725,DALLAS COUNTY,1,0,1,reduced-rate
US,MO,65765,GREENE COUNTY,2.975,GREENE COUNTY,1,0,1,reduced-rate
US,MO,65766,OZARK COUNTY,3.725,OZARK COUNTY,1,0,1,reduced-rate
US,MO,65767,HICKORY COUNTY,2.725,HICKORY COUNTY,1,0,1,reduced-rate
US,MO,65768,DOUGLAS COUNTY,3.225,DOUGLAS COUNTY,1,0,1,reduced-rate
US,MO,65769,LAWRENCE COUNTY,3.35,LAWRENCE COUNTY,1,0,1,reduced-rate
US,MO,65770,GREENE COUNTY,2.975,GREENE COUNTY,1,0,1,reduced-rate
US,MO,65771,TANEY COUNTY,3.1,TANEY COUNTY,1,0,1,reduced-rate
US,MO,65772,BARRY CO S BARRY AMB DIST,3.225,BARRY CO S BARRY AMB DIST,1,0,1,reduced-rate
US,MO,65773,OZARK COUNTY,3.725,OZARK COUNTY,1,0,1,reduced-rate
US,MO,65774,WEAUBLEAU,4.225,WEAUBLEAU,1,0,1,reduced-rate
US,MO,65775,WEST PLAINS,5.162,WEST PLAINS,1,0,1,reduced-rate
US,MO,65777,HOWELL,3.162,HOWELL,1,0,1,reduced-rate
US,MO,65778,OREGON COUNTY,3.225,OREGON COUNTY,1,0,1,reduced-rate
US,MO,65779,HICKORY COUNTY,2.725,HICKORY COUNTY,1,0,1,reduced-rate
US,MO,65781,GREENE COUNTY,2.975,GREENE COUNTY,1,0,1,reduced-rate
US,MO,65783,DALLAS COUNTY,3.725,DALLAS COUNTY,1,0,1,reduced-rate
US,MO,65784,OZARK COUNTY,3.725,OZARK COUNTY,1,0,1,reduced-rate
US,MO,65785,CEDAR CO LIBRARY DISTRICT,3.475,CEDAR CO LIBRARY DISTRICT,1,0,1,reduced-rate
US,MO,65786,CAMDEN COUNTY,2.475,CAMDEN COUNTY,1,0,1,reduced-rate
US,MO,65787,CAMDEN COUNTY,2.475,CAMDEN COUNTY,1,0,1,reduced-rate
US,MO,65788,HOWELL,3.162,HOWELL,1,0,1,reduced-rate
US,MO,65789,HOWELL COUNTY,2.662,HOWELL COUNTY,1,0,1,reduced-rate
US,MO,65790,HOWELL,3.162,HOWELL,1,0,1,reduced-rate
US,MO,65791,THAYER,5.225,THAYER,1,0,1,reduced-rate
US,MO,65793,HOWELL COUNTY,2.662,HOWELL COUNTY,1,0,1,reduced-rate
US,MO,65801,SPRINGFIELD,5.1,SPRINGFIELD,1,0,1,reduced-rate
US,MO,65802,SPRINGFIELD,5.1,SPRINGFIELD,1,0,1,reduced-rate
US,MO,65803,SPRINGFIELD,5.1,SPRINGFIELD,1,0,1,reduced-rate
US,MO,65804,SPRINGFIELD,5.1,SPRINGFIELD,1,0,1,reduced-rate
US,MO,65805,SPRINGFIELD,5.1,SPRINGFIELD,1,0,1,reduced-rate
US,MO,65806,SPRINGFIELD,5.1,SPRINGFIELD,1,0,1,reduced-rate
US,MO,65807,SPRINGFIELD,5.1,SPRINGFIELD,1,0,1,reduced-rate
US,MO,65808,SPRINGFIELD,5.1,SPRINGFIELD,1,0,1,reduced-rate
US,MO,65809,GREENE COUNTY,2.975,GREENE COUNTY,1,0,1,reduced-rate
US,MO,65810,GREENE COUNTY,2.975,GREENE COUNTY,1,0,1,reduced-rate
US,MO,65814,SPRINGFIELD,5.1,SPRINGFIELD,1,0,1,reduced-rate
US,MO,65890,SPRINGFIELD,5.1,SPRINGFIELD,1,0,1,reduced-rate
US,MO,65897,SPRINGFIELD,5.1,SPRINGFIELD,1,0,1,reduced-rate
US,MO,65898,SPRINGFIELD,5.1,SPRINGFIELD,1,0,1,reduced-rate
US,MO,65899,SPRINGFIELD,5.1,SPRINGFIELD,1,0,1,reduced-rate